destination_id,destination_name,latitude,longitude,characteristics,source_file,name_normalized,has_valid_coordinates
1,Barid shahi tombs,17.92013350676561,77.50378654446357,,Destinations_hyderabad.csv,barid shahi tombs,True
2,Bidar fort,17.92109088059099,77.53011800762665,,Destinations_hyderabad.csv,bidar fort,True
3,Gullbarga fort,17.340568973569237,76.83316391549569,,Destinations_hyderabad.csv,gullbarga fort,True
4,Ananthagiri Hills,17.31150230215654,77.86458152119876,,Destinations_hyderabad.csv,ananthagiri hills,True
5,Warangal Fort,17.956421423606027,79.61528080613014,,Destinations_hyderabad.csv,warangal fort,True
6,Bhadrakali Lake,17.988930121282316,79.58104181132668,,Destinations_hyderabad.csv,bhadrakali lake,True
7,Nallamala Forest,15.994737572222489,78.51536680936599,,Destinations_hyderabad.csv,nallamala forest,True
8,Srisailam Dam,16.08767787300494,78.90007103664608,,Destinations_hyderabad.csv,srisailam dam,True
9,Bhuvanagiri Fort,17.51544549267734,78.89301504712414,,Destinations_hyderabad.csv,bhuvanagiri fort,True
10,Ramoji Film City,17.254262820892503,78.67668144701415,,Destinations_hyderabad.csv,ramoji film city,True
11,Kandlakoya Oxygen Park,17.603891227768315,78.49127067417294,,Destinations_hyderabad.csv,kandlakoya oxygen park,True
12,Osman Sagar,17.36027114992298,78.2991613704272,,Destinations_hyderabad.csv,osman sagar,True
13,Mrugavani National Park,17.354621140482944,78.33855556024724,,Destinations_hyderabad.csv,mrugavani national park,True
14,Golconda Fort,17.384361436045833,78.40254514256978,,Destinations_hyderabad.csv,golconda fort,True
15,Charminar,17.361641279223313,78.4746829026341,,Destinations_hyderabad.csv,charminar,True
16,Chowmahalla Palace,17.35804364879468,78.47160830379036,,Destinations_hyderabad.csv,chowmahalla palace,True
17,"Buddha Statue, Hussain Sagar",17.415545209443575,78.47499445321044,,Destinations_hyderabad.csv,buddha statue hussain sagar,True
18,NTR Gardens,17.413384260724886,78.46823596525006,,Destinations_hyderabad.csv,ntr gardens,True
19,Falaknuma Palace,17.331114965334,78.466704595506,,Destinations_hyderabad.csv,falaknuma palace,True
20,Nehru Zoological Park,17.350971404050874,78.44500433120271,,Destinations_hyderabad.csv,nehru zoological park,True
21,Rotary Park for children,17.421942773794026,78.48459666000542,,Destinations_hyderabad.csv,rotary park for children,True
1,Lalbag Garden 1,12.951029926826324,77.58835455791878,,Destinations_bangalore.csv,lalbag garden 1,True
2,Vidhan Soudha BLR,12.979595114199938,77.5905989623413,,Destinations_bangalore.csv,vidhan soudha blr,True
3,ISCKON Temple,13.00956,77.55012,,Destinations_bangalore.csv,isckon temple,True
4,Tipu Sultan Summer Palace,12.95927723,77.57392024,,Destinations_bangalore.csv,tipu sultan summer palace,True
5,HAL Heritage Centre,12.955466880580843,77.68077037567232,,Destinations_bangalore.csv,hal heritage centre,True
6,Cubbon Park 1,12.977437711907577,77.59505833589142,,Destinations_bangalore.csv,cubbon park 1,True
7,Visvesvaraya Industrial Museum,12.974777294524394,77.59648174730837,,Destinations_bangalore.csv,visvesvaraya industrial museum,True
8,Church Street,12.974848665613727,77.60517240601827,,Destinations_bangalore.csv,church street,True
9,St. Mary's Basilica,12.984386775807485,77.60427307703702,,Destinations_bangalore.csv,st mary s basilica,True
10,CSI St.Mark's Cathedral Bangalore,12.976096273652688,77.6002302011451,,Destinations_bangalore.csv,csi st mark s cathedral bangalore,True
11,Kanaka Sarovar Lake,13.046226789958643,77.66636443801022,,Destinations_bangalore.csv,kanaka sarovar lake,True
12,Freedom Park,12.977791759024615,77.58223243785129,,Destinations_bangalore.csv,freedom park,True
13,Jawaharlal Nehru Planeturium and Indira Gandhi Park,12.985382412175833,77.59074518363636,,Destinations_bangalore.csv,jawaharlal nehru planeturium and indira gandhi park,True
14,Lumbini Garden and Nagawar Lake,13.044488092477492,77.60872331830075,,Destinations_bangalore.csv,lumbini garden and nagawar lake,True
15,Bungee Rock Park,12.942408064242167,77.56937961628343,,Destinations_bangalore.csv,bungee rock park,True
16,MN Krishna Rao Park,12.942534551651551,77.57532807437639,,Destinations_bangalore.csv,mn krishna rao park,True
17,Bengaluru Palace,13.011048424065546,77.58558942954582,,Destinations_bangalore.csv,bengaluru palace,True
18,Jayamahal Garden,13.000404790097608,77.5981933454322,,Destinations_bangalore.csv,jayamahal garden,True
19,Nimhans Convention Centre,12.94316129,77.59637094,,Destinations_bangalore.csv,nimhans convention centre,True
20,Bengaluru Fort,12.96284361,77.57556433,,Destinations_bangalore.csv,bengaluru fort,True
21,Chennakeshava Swamy Temple,12.275583357825456,76.88190241289432,,Destinations_bangalore.csv,chennakeshava swamy temple,True
22,Mysore Chamundeshwari Temple,12.272695101164802,76.67067289237009,,Destinations_bangalore.csv,mysore chamundeshwari temple,True
23,Mysore Phillomena Cathedral,12.32103032874494,76.65821615706052,,Destinations_bangalore.csv,mysore phillomena cathedral,True
24,Mysore Shukavan Bird Park,12.284384354107964,76.65695732323044,,Destinations_bangalore.csv,mysore shukavan bird park,True
25,Mysore Mahishasura Statue,12.2748482,76.6709887,,Destinations_bangalore.csv,mysore mahishasura statue,True
26,Mysore Sunset Point,12.271847,76.6694966,,Destinations_bangalore.csv,mysore sunset point,True
27,Mysore Nandi Statue,12.279167,76.6678431,,Destinations_bangalore.csv,mysore nandi statue,True
28,Mysore Zoo,12.30012507244228,76.66861575401211,,Destinations_bangalore.csv,mysore zoo,True
29,Mysore Chikka Gadiyara Market,12.309755290073351,76.65215580793965,,Destinations_bangalore.csv,mysore chikka gadiyara market,True
30,Mysore Palace,12.304805899672566,76.65596675204785,,Destinations_bangalore.csv,mysore palace,True
31,Mysore Mahadevpura Shooting Spot - Coconut Park,12.389277571341214,76.79272515667088,,Destinations_bangalore.csv,mysore mahadevpura shooting spot coconut park,True
32,Mysore Tipu Sultan Resting Place 1,12.4112886,76.7134468,,Destinations_bangalore.csv,mysore tipu sultan resting place 1,True
33,Mysore Commoretive STructure,12.4248984,76.6746835,,Destinations_bangalore.csv,mysore commoretive structure,True
34,Mysore Lotus POND,12.4238492,76.6554831,,Destinations_bangalore.csv,mysore lotus pond,True
35,Talakkadu Temple,12.180242735996112,77.02755811242058,,Destinations_bangalore.csv,talakkadu temple,True
36,Mysore Daria Daulat Bagh,12.4197045,76.6964458,,Destinations_bangalore.csv,mysore daria daulat bagh,True
37,Mysore Shreerangapattana,12.42265200866268,76.68424668002704,,Destinations_bangalore.csv,mysore shreerangapattana,True
38,Shreerangapattana Mosque Masjid-i-Ala (Jama Masjid),12.422441472715612,76.68904646189168,,Destinations_bangalore.csv,shreerangapattana mosque masjid i ala jama masjid,True
39,Mysore Tipu Sultan Fort and Palace,12.4258122,76.6880901,,Destinations_bangalore.csv,mysore tipu sultan fort and palace,True
40,Mysore Ranganathswamy Temple,12.4249986,76.6794137,,Destinations_bangalore.csv,mysore ranganathswamy temple,True
41,Mysore Colonel Bailey's Dungeon,12.4266076,76.6790525,,Destinations_bangalore.csv,mysore colonel bailey s dungeon,True
42,Tipu Sultan Museum,12.4180142,76.6962281,,Destinations_bangalore.csv,tipu sultan museum,True
43,Mysore ZamZam Bazar,12.3190183,76.6544262,,Destinations_bangalore.csv,mysore zamzam bazar,True
44,GaganchutkiWaterfalls,12.295951194023738,77.1663176340186,,Destinations_bangalore.csv,gaganchutkiwaterfalls,True
45,Bharachukki Waterfalls,12.28916422913833,77.18179777932892,,Destinations_bangalore.csv,bharachukki waterfalls,True
46,CauverySplitKatte,12.260639445556,77.16856879728164,,Destinations_bangalore.csv,cauverysplitkatte,True
47,Mysore Boating,12.424539131291413,76.6529006798126,,Destinations_bangalore.csv,mysore boating,True
48,Mysore Brindavan Gardens,12.422269845334023,76.5726483261218,,Destinations_bangalore.csv,mysore brindavan gardens,True
49,Mysore Railway Museum,12.316538345403542,76.64381750040546,,Destinations_bangalore.csv,mysore railway museum,True
50,Mysore JaganMohan Palace,12.306788087968425,76.64987392929346,,Destinations_bangalore.csv,mysore jaganmohan palace,True
51,Banerghatta Natioanal Park 1,12.75829225455326,77.5879171575845,,Destinations_bangalore.csv,banerghatta natioanal park 1,True
52,BLR-MYS Highway Hillpoint View,12.74471067153081,77.27601835582075,,Destinations_bangalore.csv,blr mys highway hillpoint view,True
53,BLR_LalBagh Rock,12.948344031721886,77.58969347561919,,Destinations_bangalore.csv,blr lalbagh rock,True
54,MuthyalaWaterfall,12.6853956,77.6633273,,Destinations_bangalore.csv,muthyalawaterfall,True
55,Wonderla Bangalore,12.834156311104351,77.40102672612905,,Destinations_bangalore.csv,wonderla bangalore,True
56,MG Road BLr 1,12.97491354363671,77.60906406236633,,Destinations_bangalore.csv,mg road blr 1,True
57,Sri Big Bull Temple,12.941896514709136,77.56796864104898,,Destinations_bangalore.csv,sri big bull temple,True
58,National Gallery of Modern Art,12.989328814348196,77.58808067683093,,Destinations_bangalore.csv,national gallery of modern art,True
59,IISc Bangalore,13.015509473381323,77.56736011248844,,Destinations_bangalore.csv,iisc bangalore,True
60,JayaPrakashNarayanaPark,13.033352042322075,77.55046752026465,,Destinations_bangalore.csv,jayaprakashnarayanapark,True
61,Avalahalli Forest,13.130453642198804,77.5483697917458,,Destinations_bangalore.csv,avalahalli forest,True
62,GandhiBhavanMuseum,12.9880235050372,77.58030971290084,,Destinations_bangalore.csv,gandhibhavanmuseum,True
63,Chinnaswamy Stadium,12.9787711683408,77.59952774941473,,Destinations_bangalore.csv,chinnaswamy stadium,True
64,MGRoad-TAJHotel,12.973265538004506,77.61960112179456,,Destinations_bangalore.csv,mgroad tajhotel,True
65,OberoiHotel-BLR,12.973681866951573,77.61822599264273,,Destinations_bangalore.csv,oberoihotel blr,True
66,PARKHOTEL-BLR,12.974057559261505,77.61948566399984,,Destinations_bangalore.csv,parkhotel blr,True
67,Raddison Hotel BLR,12.976192912837986,77.6194009535838,,Destinations_bangalore.csv,raddison hotel blr,True
68,Conrad BLR Hotel,12.975247719543836,77.62073137645886,,Destinations_bangalore.csv,conrad blr hotel,True
69,Brahmin's Coffee Bar-BLR,12.953904351455453,77.56881087318368,,Destinations_bangalore.csv,brahmin s coffee bar blr,True
70,MTR Restaurant,12.955178882540872,77.58550585315876,,Destinations_bangalore.csv,mtr restaurant,True
71,Koshy's Restaurant,12.975860895453604,77.60153061500735,,Destinations_bangalore.csv,koshy s restaurant,True
72,Lalbagh Waterfall,12.946068594583483,77.58625314689779,,Destinations_bangalore.csv,lalbagh waterfall,True
73,Ashok Pillar Monument,12.94370950673898,77.58527311703943,,Destinations_bangalore.csv,ashok pillar monument,True
74,HotelLeela Palace BLR,12.960263311553785,77.64840536749652,,Destinations_bangalore.csv,hotelleela palace blr,True
75,Commercial Street BLR,12.982265863932128,77.60821117396516,,Destinations_bangalore.csv,commercial street blr,True
76,Brigade Road Shopping BLR,12.971513720344529,77.60678029174285,,Destinations_bangalore.csv,brigade road shopping blr,True
77,UB City Mall+FoodBLR,12.971872429019964,77.59612345765204,,Destinations_bangalore.csv,ub city mall foodblr,True
78,Residency Road BLR,12.969836686976285,77.60295956101584,,Destinations_bangalore.csv,residency road blr,True
79,Diamond District BLR,12.959317870056298,77.64365849476818,,Destinations_bangalore.csv,diamond district blr,True
80,80 Ft. Road,12.97261935959091,77.64698458619004,,Destinations_bangalore.csv,80 ft road,True
81,Mysore City Centre Market,12.308471019317654,76.65298086981278,,Destinations_bangalore.csv,mysore city centre market,True
82,IIM BLR,12.895443311241646,77.60215764512274,,Destinations_bangalore.csv,iim blr,True
1,Govind Devji Temple,27.58142423617325,77.69938204045077,,Destinations_delhi.csv,govind devji temple,True
2,Vrindavan,27.581495721798003,77.70220308716033,,Destinations_delhi.csv,vrindavan,True
3,Mathura,27.48312616690545,77.67349266793802,,Destinations_delhi.csv,mathura,True
4,Deeg Palace,27.472728535517163,77.32370678384974,,Destinations_delhi.csv,deeg palace,True
5,Sultanpur National Park,28.46453569447908,76.88630872008495,,Destinations_delhi.csv,sultanpur national park,True
6,"Leisure Valley Park, Gurugram",28.46957431064625,77.06595961917088,,Destinations_delhi.csv,leisure valley park gurugram,True
7,"Coronation Memorial, Delhi",28.72301273219068,77.1967600670601,,Destinations_delhi.csv,coronation memorial delhi,True
8,"Tagore Garden, Delhi",28.647033937463885,77.11094751837433,,Destinations_delhi.csv,tagore garden delhi,True
9,"Rajouri Garden, Delhi",28.64986333192377,77.12273845115627,,Destinations_delhi.csv,rajouri garden delhi,True
10,"Shri Adya Katyayini Shaktipeetam, Delhi",28.65017763659732,77.31096798054972,,Destinations_delhi.csv,shri adya katyayini shaktipeetam delhi,True
11,Qutub Minar,28.52462725075326,77.18540103561932,,Destinations_delhi.csv,qutub minar,True
12,Mehrauli Archaeological Park,28.52040276166104,77.18759277661503,,Destinations_delhi.csv,mehrauli archaeological park,True
13,Garden Of Five Senses,28.514292483218984,77.19751001123123,,Destinations_delhi.csv,garden of five senses,True
14,Begumpur Mosque,28.53924123301826,77.20635830806626,,Destinations_delhi.csv,begumpur mosque,True
15,Vasant Vihar Park,28.55835801025009,77.1637061654741,,Destinations_delhi.csv,vasant vihar park,True
16,Hauz Khas Fort,28.55346728983995,77.19347145598984,,Destinations_delhi.csv,hauz khas fort,True
17,Dr Bhim Rao Ambedkar Central Park,28.56139602094004,77.19551357781658,,Destinations_delhi.csv,dr bhim rao ambedkar central park,True
18,Green Park,28.55667495426084,77.20435947545128,,Destinations_delhi.csv,green park,True
19,Nehru Place,28.55006058070057,77.25136017732581,,Destinations_delhi.csv,nehru place,True
20,Lotus Temple,28.553590203371563,77.25921781641556,,Destinations_delhi.csv,lotus temple,True
21,"ISCKON Temple, New Delhi",28.556272853780538,77.25378464049753,,Destinations_delhi.csv,isckon temple new delhi,True
22,Okhla Bird Sanctuary,28.57431946895084,77.30254256916241,,Destinations_delhi.csv,okhla bird sanctuary,True
23,"Safdarjung Tomb, Delhi",28.5896401574424,77.21053598592465,,Destinations_delhi.csv,safdarjung tomb delhi,True
24,"Nehru Park, Delhi",28.590779764624862,77.19283684430786,,Destinations_delhi.csv,nehru park delhi,True
25,"Indira Gandhi Memorial Museum, Delhi",28.599949194136503,77.20608208239871,,Destinations_delhi.csv,indira gandhi memorial museum delhi,True
26,"Gandhi Smriti Museum, Delhi",28.602724436369822,77.21418692559428,,Destinations_delhi.csv,gandhi smriti museum delhi,True
27,"Lodhi Garden, Delhi",28.59302605166532,77.21947244160401,,Destinations_delhi.csv,lodhi garden delhi,True
28,"Shah Tomb, Delhi",28.590991234152103,77.218066964108,,Destinations_delhi.csv,shah tomb delhi,True
29,"Sikandar Lodhi Tomb, Delhi",28.596125304553425,77.22153237812597,,Destinations_delhi.csv,sikandar lodhi tomb delhi,True
30,"Humayun's Tomb, Delhi",28.593454278925687,77.250770630105,,Destinations_delhi.csv,humayun s tomb delhi,True
31,"Mughal Garden Pavillion, Delhi",28.597523779264503,77.24768072538501,,Destinations_delhi.csv,mughal garden pavillion delhi,True
32,"National Zoological Park, Delhi",28.60685653732513,77.24538953215539,,Destinations_delhi.csv,national zoological park delhi,True
33,"Purana Qila, Delhi",28.609753334185505,77.24369418054813,,Destinations_delhi.csv,purana qila delhi,True
34,India Gate,28.613765416942886,77.22955743807769,,Destinations_delhi.csv,india gate,True
35,Rashtrapati Bhavan,28.61453608176156,77.19952653196135,,Destinations_delhi.csv,rashtrapati bhavan,True
36,Gurudwara Sri Bangla Sahib,28.626545888185674,77.20913476891877,,Destinations_delhi.csv,gurudwara sri bangla sahib,True
37,"Jantar Mantar, Delhi",28.627120596810663,77.21661596705638,,Destinations_delhi.csv,jantar mantar delhi,True
38,"Ugrasen ki Baoli, Delhi",28.62621265393028,77.22504762472802,,Destinations_delhi.csv,ugrasen ki baoli delhi,True
39,"Jama Masjid, Delhi",28.650839233742666,77.23346355356487,,Destinations_delhi.csv,jama masjid delhi,True
40,Red Fort,28.65668798895849,77.2439143550642,,Destinations_delhi.csv,red fort,True
41,Sansad Bhavan,28.617189,77.208084,,Destinations_delhi.csv,sansad bhavan,True
42,Connaught Place,28.63278,77.21972,,Destinations_delhi.csv,connaught place,True
43,Salimgarh Fort,28.661,77.24,,Destinations_delhi.csv,salimgarh fort,True
44,Tughlaqabad,28.51194,77.26083,,Destinations_delhi.csv,tughlaqabad,True
45,Chandni Chowk,28.656,77.231,,Destinations_delhi.csv,chandni chowk,True
46,"Akshardham, Delhi",28.6125,77.27722,,Destinations_delhi.csv,akshardham delhi,True
47,Cathedral Church of Redemption,28.618038,77.201978,,Destinations_delhi.csv,cathedral church of redemption,True
48,"St. James Church, Delhi",28.665637,77.230784,,Destinations_delhi.csv,st james church delhi,True
49,"National Museum, New Delhi",28.611811,77.219262,,Destinations_delhi.csv,national museum new delhi,True
50,"National_Rail_Museum,_New_Delhi",28.58472,77.18139,,Destinations_delhi.csv,national rail museum new delhi,True
51,Nizamuddin Dargah,28.591306,77.241806,,Destinations_delhi.csv,nizamuddin dargah,True
52,Raj Ghat,28.64055,77.249433,,Destinations_delhi.csv,raj ghat,True
1,Perungudi Lake,12.97879545,80.25911807,,Destinations_chennai.csv,perungudi lake,True
2,Hidden Lake,12.98347913,80.17878055,,Destinations_chennai.csv,hidden lake,True
3,Perarignar Anna Museum,13.08181605,80.2852106,,Destinations_chennai.csv,perarignar anna museum,True
4,Adyar Banyan Tree,13.02228339,80.26735782,,Destinations_chennai.csv,adyar banyan tree,True
5,Dr. APJ Abdul Kalam Park,13.07579654,80.23371219,,Destinations_chennai.csv,dr apj abdul kalam park,True
6,Elliot's Beach,12.9962,80.27058,,Destinations_chennai.csv,elliot s beach,True
7,Governor's Bungalow,12.99805,80.27252,,Destinations_chennai.csv,governor s bungalow,True
8,BSR Mall,12.94971542,80.24039587,,Destinations_chennai.csv,bsr mall,True
9,Iskcon Temple,12.9063536,80.2419164,,Destinations_chennai.csv,iskcon temple,True
10,Matsya Narayana Temple,12.87894752,80.25115464,,Destinations_chennai.csv,matsya narayana temple,True
11,Kamakshi Temple,12.93430688,80.1564271,,Destinations_chennai.csv,kamakshi temple,True
12,IIT Madras,12.98838,80.23313,,Destinations_chennai.csv,iit madras,True
13,Thiruvalluvar Nagar Beach,12.97401018,80.26660144,,Destinations_chennai.csv,thiruvalluvar nagar beach,True
14,Anna University,13.01125874,80.23599613,,Destinations_chennai.csv,anna university,True
15,World Trade Centre,12.96205437,80.24473542,,Destinations_chennai.csv,world trade centre,True
16,Marina Beach,13.06035177,80.28652158,,Destinations_chennai.csv,marina beach,True
17,Phoenix Marketcity,12.99230853,80.21718025,,Destinations_chennai.csv,phoenix marketcity,True
18,Gunidy National Park,12.99924,80.22982,,Destinations_chennai.csv,gunidy national park,True
19,Vandalur Zoo,12.88075,80.08863,,Destinations_chennai.csv,vandalur zoo,True
20,Arignar Anna Zoological Park,12.87983,80.08119,,Destinations_chennai.csv,arignar anna zoological park,True
21,ECR Beach,12.89276,80.25302,,Destinations_chennai.csv,ecr beach,True
22,Golden Beach,12.91752,80.25426,,Destinations_chennai.csv,golden beach,True
23,Writer's Café,12.98608,80.2503,,Destinations_chennai.csv,writer s caf,True
24,Taj Wellington Mews,12.99105,80.24989,,Destinations_chennai.csv,taj wellington mews,True
25,Krishnagiri Fort,12.25774,79.40604,,Destinations_chennai.csv,krishnagiri fort,True
1,Sajnekhali Tiger Reserve,22.12628101072884,88.80336796364602,,Destinations_kolkata.csv,sajnekhali tiger reserve,True
2,Sunderban Tiger Reserve,21.927451137268257,88.72376462625247,,Destinations_kolkata.csv,sunderban tiger reserve,True
3,Bibhuti Bhushan Wildlife Sanctuary,23.186820298552707,88.7573195924725,,Destinations_kolkata.csv,bibhuti bhushan wildlife sanctuary,True
4,Dakshineswar Kali Temple,22.654829418261937,88.35751994221687,,Destinations_kolkata.csv,dakshineswar kali temple,True
5,Central Park,22.58910528031276,88.41441044580745,,Destinations_kolkata.csv,central park,True
6,Howrah Bridge,22.585117627837576,88.34692188033809,,Destinations_kolkata.csv,howrah bridge,True
7,Acharya Jagadish Chandra Bose Indian Botanic Garden,22.56069061069505,88.28666686499392,,Destinations_kolkata.csv,acharya jagadish chandra bose indian botanic garden,True
8,Belur Math,22.63302287587413,88.35668190308668,,Destinations_kolkata.csv,belur math,True
9,Howrah Junction,22.58368414714812,88.34194632208417,,Destinations_kolkata.csv,howrah junction,True
10,Mullick Ghat Flower Market,22.581632654503803,88.34866423201,,Destinations_kolkata.csv,mullick ghat flower market,True
11,Eastern Railway Museum,22.57792352867062,88.34002333100035,,Destinations_kolkata.csv,eastern railway museum,True
12,St. John's Protestant Church,22.56993460803148,88.34594304965083,,Destinations_kolkata.csv,st john s protestant church,True
13,"Raj Bhavan, Kolkata",22.56724151511054,88.34722568457533,,Destinations_kolkata.csv,raj bhavan kolkata,True
14,"Eden Gardens Park, Kolkata",22.5640619687781,88.34016990971726,,Destinations_kolkata.csv,eden gardens park kolkata,True
15,Fort William,22.55787150592209,88.334652925938,,Destinations_kolkata.csv,fort william,True
16,Victoria Memorial Garden,22.545938706027684,88.3428007528396,,Destinations_kolkata.csv,victoria memorial garden,True
17,"St. Paul Cathedral Church, Kolkata",22.54428043566085,88.34663171333527,,Destinations_kolkata.csv,st paul cathedral church kolkata,True
18,"Kalighat Mandir Shaktipeeth, Kolkata",22.52022554265008,88.34212487231842,,Destinations_kolkata.csv,kalighat mandir shaktipeeth kolkata,True
19,"Subhash Sarovar, Kolkata",22.568270171618224,88.39980653433466,,Destinations_kolkata.csv,subhash sarovar kolkata,True
20,"James Prinsep Monument, Kolkata",22.555412687079667,88.33083924171078,,Destinations_kolkata.csv,james prinsep monument kolkata,True
21,"Birla Mandir, Kolkata",22.530619467406368,88.36496360094151,,Destinations_kolkata.csv,birla mandir kolkata,True
22,"Indian Museum, Kolkata",22.55781741519841,88.35107447324029,,Destinations_kolkata.csv,indian museum kolkata,True
23,"New Market, Kolkata",22.560601418784977,88.35255766257623,,Destinations_kolkata.csv,new market kolkata,True
1,Munnar Tea Garden View Point,10.04210568,77.03994022,"scenic, tea, photography",Tourist_Spots.csv,munnar tea garden view point,True
2,Pomathendu Munnar Tea Garden View,10.05964864,77.06395959,"scenic, tea, photography",Tourist_Spots.csv,pomathendu munnar tea garden view,True
3,Munnar Pothamendu,10.03655632,77.07679666,"tea, greenery, serene",Tourist_Spots.csv,munnar pothamendu,True
4,Munnar Tea Hill Hiking Spot,10.02838226,77.04557394,"trekking, nature, adventure",Tourist_Spots.csv,munnar tea hill hiking spot,True
5,Wonder Valley Adventure Amusement Park Munnar,10.02715884,77.0355704,"adventure, amusement, family",Tourist_Spots.csv,wonder valley adventure amusement park munnar,True
6,Dream Land Adventure Amusement Park,10.01670304,77.04700451,"adventure, amusement, family",Tourist_Spots.csv,dream land adventure amusement park,True
7,Munnar Lakshmi Tea Estate,10.06375952,76.99922583,"scenic, tea, photography",Tourist_Spots.csv,munnar lakshmi tea estate,True
8,Photo Shoot Point Munnar,10.05998273,77.01679705,"photography, nature",Tourist_Spots.csv,photo shoot point munnar,True
9,Munnar Tea Museum,10.09424312,77.05040434,"tea, artifacts, exhibits",Tourist_Spots.csv,munnar tea museum,True
10,Kolukammai Tea Estate-Jeep Tour and Birdwatching,10.08889248,77.05945595,"tea, explore, birdwatching",Tourist_Spots.csv,kolukammai tea estate jeep tour and birdwatching,True
11,Munnar Botanical Estate,10.08306517,77.07088651,"garden, flora, education",Tourist_Spots.csv,munnar botanical estate,True
12,Blossom Hudel Park-Garden,10.06907829,77.0665441,"relaxation, greenery, garden",Tourist_Spots.csv,blossom hudel park garden,True
13,Ramaswamy Dam Lake View Point,10.06812788,77.06735203,"dam, photography, boating",Tourist_Spots.csv,ramaswamy dam lake view point,True
14,Carmelgiri Elepphant Park,10.09514322,77.09931319,"elephant, wildlife,  photography",Tourist_Spots.csv,carmelgiri elepphant park,True
15,Eco Point Munnar-Lake,10.12229322,77.15435932,"tourism, nature, serene",Tourist_Spots.csv,eco point munnar lake,True
16,Matupettu Dam Lake,10.10856877,77.12380898,"dam, boating, scenic",Tourist_Spots.csv,matupettu dam lake,True
17,Munnar Rose Garden,10.08638901,77.07583206,"rose, floral, aroma, garden",Tourist_Spots.csv,munnar rose garden,True
18,Attukkad Waterfall Munnar,10.05337705,77.05872179,"waterfall, nature, photography",Tourist_Spots.csv,attukkad waterfall munnar,True
19,Munnar Forest Adventure,10.08458313,77.06041801,"adventure, nature, wildlife",Tourist_Spots.csv,munnar forest adventure,True
20,Birla Waterfall,10.30518545,76.94875998,"waterfall, serene, photography",Tourist_Spots.csv,birla waterfall,True
21,Sholayar Lake Dam View PT,10.307557,76.88649688,"dam, photography, nature",Tourist_Spots.csv,sholayar lake dam view pt,True
22,Chinna Kalar Waterfall,10.3023814,77.02870892,"waterfall, serene, photography",Tourist_Spots.csv,chinna kalar waterfall,True
23,Iraichal Parai Waterfall,10.33713775,77.00832747,"waterfall, nature, photography",Tourist_Spots.csv,iraichal parai waterfall,True
24,Valparai Market,10.32564473,76.95292258,"market, shopping",Tourist_Spots.csv,valparai market,True
25,Thirumoorthy Waterfall and Temple,10.45129067,77.1595609,"waterfall, temple, photography",Tourist_Spots.csv,thirumoorthy waterfall and temple,True
26,Munnar Town Centre Bazaar,10.08676436,77.06108206,"market, shopping",Tourist_Spots.csv,munnar town centre bazaar,True
27,Tea Estate Poothakuzzy,10.09293264,77.05653258,"tea, scenic, plantation",Tourist_Spots.csv,tea estate poothakuzzy,True
28,Kadalukaani Paani Sunset,8.747832074,76.90551712,"sunset, nature, serene, photography",Tourist_Spots.csv,kadalukaani paani sunset,True
29,Meenmutti Waterfall,8.781825023,76.91789501,"waterfall, trekking, nature",Tourist_Spots.csv,meenmutti waterfall,True
30,RajaRaviVermaArtGallery,8.768349999,76.86704609,"art, exhibit, cultural",Tourist_Spots.csv,rajaravivermaartgallery,True
31,CHithirapuram Tea Estate Path,10.03260661,77.0433119,"tea, plantation",Tourist_Spots.csv,chithirapuram tea estate path,True
32,Tata Tea Consumer Centre,10.08881626,77.05564481,tea,Tourist_Spots.csv,tata tea consumer centre,True
33,Thirumeny Cultural Centre Munnar Plays and Dances,10.0881485,77.06156535,"cultural, traditional, entertainment",Tourist_Spots.csv,thirumeny cultural centre munnar plays and dances,True
34,Nayakammad Waterfall,10.13584532,77.06064668,"waterfall, nature, photography",Tourist_Spots.csv,nayakammad waterfall,True
35,Evaikulam Waterfall,10.14487387,77.04328057,"waterfall, serene, photography",Tourist_Spots.csv,evaikulam waterfall,True
36,carvar Marsh Statue -Karvarkal estate,10.37707174,76.99522035,"statue, historical, cultural",Tourist_Spots.csv,carvar marsh statue karvarkal estate,True
37,Subix Merry Land,10.7722434,76.63999634,"amusement, family, adventure",Tourist_Spots.csv,subix merry land,True
38,Palakkad Fort,10.76769019,76.65681915,"historical, fort, cultural",Tourist_Spots.csv,palakkad fort,True
39,Kava view point,10.83030209,76.72011221,"scenic, photography",Tourist_Spots.csv,kava view point,True
40,Malampuzha,10.80411404,76.64374517,"tourism, garden, dam",Tourist_Spots.csv,malampuzha,True
41,Chulanur Peafowl Sanctuary,10.71800319,76.4723798,"wildlife, birdwatching, conservation",Tourist_Spots.csv,chulanur peafowl sanctuary,True
42,Chendhamangalam Wetlands,10.80866665,76.6423996,"reserve, biodiversity, nature",Tourist_Spots.csv,chendhamangalam wetlands,True
43,Sree Chinmaya Guruvayurappan Temple,10.78792617,76.65338592,"temple, spiritual, religious",Tourist_Spots.csv,sree chinmaya guruvayurappan temple,True
44,VARADARAJA PERUMAL TEMPLE,11.03327,76.92348,"temple, spiritual, religious",Tourist_Spots.csv,varadaraja perumal temple,True
45,SINGANALLUR LAKE,10.98905,77.02274,"lake, boating, birdwatching",Tourist_Spots.csv,singanallur lake,True
46,CENTRAL LIBRARY,11.02799,77.02205,"knowledge, books",Tourist_Spots.csv,central library,True
47,IIT Palakkad,10.80416,76.72548,education,Tourist_Spots.csv,iit palakkad,True
48,Bharathiar University,11.04004,76.87897,education,Tourist_Spots.csv,bharathiar university,True
49,Government College,11.0173,76.93987,education,Tourist_Spots.csv,government college,True
50,Perur Temple,10.97601,76.91531,"temple, spiritual, religious",Tourist_Spots.csv,perur temple,True
51,Vadakanthara Sree Thirupuraikkal Bhagavathi Temple,10.78148,76.64358,"temple, spiritual, religious",Tourist_Spots.csv,vadakanthara sree thirupuraikkal bhagavathi temple,True
52,Lalbag Garden,12.95102993,77.58835456,"garden, scenic, nature",Tourist_Spots.csv,lalbag garden,True
53,Vidhan Soudha BLR,12.97959511,77.59059896,"government, architectural",Tourist_Spots.csv,vidhan soudha blr,True
56,HAL Heritage Centre,12.95546688,77.68077038,"museum, aviation, exhibits",Tourist_Spots.csv,hal heritage centre,True
57,Cubbon Park,12.97743771,77.59505834,"park, greenery, nature",Tourist_Spots.csv,cubbon park,True
58,Visvesvaraya Industrial Museum,12.97477729,77.59648175,"industrial, heritage, exhibits, museum",Tourist_Spots.csv,visvesvaraya industrial museum,True
59,Church Street,12.97484867,77.60517241,"shopping, restaurants, nightlife",Tourist_Spots.csv,church street,True
60,St. Mary's Basilica,12.98438678,77.60427308,"church, religious, architectural",Tourist_Spots.csv,st mary s basilica,True
61,CSI St.Mark's Cathedral Bangalore,12.97609627,77.6002302,"church, religious, architectural",Tourist_Spots.csv,csi st mark s cathedral bangalore,True
62,Kanaka Sarovar Lake,13.04622679,77.66636444,"Scenic lake, birdwatching, tranquility",Tourist_Spots.csv,kanaka sarovar lake,True
63,Freedom Park,12.97779176,77.58223244,"historical, cultural, park",Tourist_Spots.csv,freedom park,True
64,Jawaharlal Nehru Planeturium and Indira Gandhi Park,12.98538241,77.59074518,"educational, astronomy, recreational",Tourist_Spots.csv,jawaharlal nehru planeturium and indira gandhi park,True
65,Lumbini Garden and Nagawar Lake,13.04448809,77.60872332,"recreational, garden, park, boating",Tourist_Spots.csv,lumbini garden and nagawar lake,True
66,Bungee Rock Park,12.94240806,77.56937962,"adventure, park",Tourist_Spots.csv,bungee rock park,True
67,MN Krishna Rao Park,12.94253455,77.57532807,"park, greenery, nature",Tourist_Spots.csv,mn krishna rao park,True
68,Bengaluru Palace,13.01104842,77.58558943,"historical, royal, architectural",Tourist_Spots.csv,bengaluru palace,True
69,Jayamahal Garden,13.00040479,77.59819335,"historical, garden, recreational",Tourist_Spots.csv,jayamahal garden,True
72,Chennakeshava Swamy Temple,12.27558336,76.88190241,"temple, spiritual, religious",Tourist_Spots.csv,chennakeshava swamy temple,True
73,Mysore Chamundeshwari Temple,12.2726951,76.67067289,"temple, spiritual, religious",Tourist_Spots.csv,mysore chamundeshwari temple,True
74,Mysore Phillomena Cathedral,12.32103033,76.65821616,"catholic, religious, architectural",Tourist_Spots.csv,mysore phillomena cathedral,True
75,Mysore Shukavan Bird Park,12.28438435,76.65695732,"sanctuary, aviary, conservation",Tourist_Spots.csv,mysore shukavan bird park,True
79,Mysore Zoo,12.30012507,76.66861575,"zoo, wildlife, conservation",Tourist_Spots.csv,mysore zoo,True
80,Mysore Chikka Gadiyara Market,12.30975529,76.65215581,"market, shopping",Tourist_Spots.csv,mysore chikka gadiyara market,True
81,Mysore Palace,12.3048059,76.65596675,"historical, royal, architectural",Tourist_Spots.csv,mysore palace,True
82,Mysore Mahadevpura Shooting Spot - Coconut Park,12.38927757,76.79272516,"film, coconut, recreational",Tourist_Spots.csv,mysore mahadevpura shooting spot coconut park,True
83,Mysore Tipu Sultan Resting Place,12.4112886,76.7134468,"historical, photography",Tourist_Spots.csv,mysore tipu sultan resting place,True
86,Talakkadu Temple,12.18024274,77.02755811,"temple, spiritual, religious",Tourist_Spots.csv,talakkadu temple,True
88,Mysore Shreerangapattana,12.42265201,76.68424668,"historical, town, cultural",Tourist_Spots.csv,mysore shreerangapattana,True
89,Shreerangapattana Mosque Masjid-i-Ala (Jama Masjid),12.42244147,76.68904646,"historical, mosque, religious",Tourist_Spots.csv,shreerangapattana mosque masjid i ala jama masjid,True
95,GaganchutkiWaterfalls,12.29595119,77.16631763,"waterfall, natural, trekking",Tourist_Spots.csv,gaganchutkiwaterfalls,True
96,Bharachukki Waterfalls,12.28916423,77.18179778,"waterfall, natural, scenic",Tourist_Spots.csv,bharachukki waterfalls,True
97,CauverySplitKatte,12.26063945,77.1685688,"river, picnic, natural",Tourist_Spots.csv,cauverysplitkatte,True
98,Mysore Boating,12.42453913,76.65290068,"boating, recreational, lake",Tourist_Spots.csv,mysore boating,True
99,Mysore Brindavan Gardens,12.42226985,76.57264833,"garden, photography, fountain",Tourist_Spots.csv,mysore brindavan gardens,True
100,Mysore Railway Museum,12.31653835,76.6438175,"railway, historical, exhibits",Tourist_Spots.csv,mysore railway museum,True
101,Mysore JaganMohan Palace,12.30678809,76.64987393,"historical, palace, museum",Tourist_Spots.csv,mysore jaganmohan palace,True
102,Banerghatta Natioanal Park,12.75829225,77.58791716,"Wildlife, safari, conservation",Tourist_Spots.csv,banerghatta natioanal park,True
103,BLR-MYS Highway Hillpoint View,12.74471067,77.27601836,"scenic, photography",Tourist_Spots.csv,blr mys highway hillpoint view,True
104,BLR_LalBagh Rock,12.94834403,77.58969348,"rock, natural, scenic",Tourist_Spots.csv,blr lalbagh rock,True
106,Wonderla Bangalore,12.83415631,77.40102673,"amusement, adventure, family",Tourist_Spots.csv,wonderla bangalore,True
107,MG Road BLr,12.97491354,77.60906406,shopping,Tourist_Spots.csv,mg road blr,True
108,Sri Big Bull Temple,12.94189651,77.56796864,"temple, spiritual, religious",Tourist_Spots.csv,sri big bull temple,True
109,National Gallery of Modern Art,12.98932881,77.58808068,"art, museum, cultural",Tourist_Spots.csv,national gallery of modern art,True
110,IISc Bangalore,13.01550947,77.56736011,educational,Tourist_Spots.csv,iisc bangalore,True
111,JayaPrakashNarayanaPark,13.03335204,77.55046752,"park, greenery, nature",Tourist_Spots.csv,jayaprakashnarayanapark,True
112,Avalahalli Forest,13.13045364,77.54836979,"natural, wildlife, sanctuary",Tourist_Spots.csv,avalahalli forest,True
113,GandhiBhavanMuseum,12.98802351,77.58030971,"historical, museum, exhibits",Tourist_Spots.csv,gandhibhavanmuseum,True
114,Chinnaswamy Stadium,12.97877117,77.59952775,"cricket, stadium, sports",Tourist_Spots.csv,chinnaswamy stadium,True
115,MGRoad-TAJHotel,12.97326554,77.61960112,hotel,Tourist_Spots.csv,mgroad tajhotel,True
116,OberoiHotel-BLR,12.97368187,77.61822599,hotel,Tourist_Spots.csv,oberoihotel blr,True
117,PARKHOTEL-BLR,12.97405756,77.61948566,hotel,Tourist_Spots.csv,parkhotel blr,True
118,Raddison Hotel BLR,12.97619291,77.61940095,hotel,Tourist_Spots.csv,raddison hotel blr,True
119,Conrad BLR Hotel,12.97524772,77.62073138,hotel,Tourist_Spots.csv,conrad blr hotel,True
120,Brahmin's Coffee Bar-BLR,12.95390435,77.56881087,"cafe, cuisine",Tourist_Spots.csv,brahmin s coffee bar blr,True
121,MTR Restaurant,12.95517888,77.58550585,"restaurant, cuisine",Tourist_Spots.csv,mtr restaurant,True
122,Koshy's Restaurant,12.9758609,77.60153062,"restaurant, cuisine",Tourist_Spots.csv,koshy s restaurant,True
123,Lalbagh Waterfall,12.94606859,77.58625315,"waterfall, natural, scenic",Tourist_Spots.csv,lalbagh waterfall,True
124,Ashok Pillar Monument,12.94370951,77.58527312,"historical, archaeological, cultural",Tourist_Spots.csv,ashok pillar monument,True
125,HotelLeela Palace BLR,12.96026331,77.64840537,"hotel, hospitality",Tourist_Spots.csv,hotelleela palace blr,True
126,Commercial Street BLR,12.98226586,77.60821117,"shopping, fashion",Tourist_Spots.csv,commercial street blr,True
127,Brigade Road Shopping BLR,12.97151372,77.60678029,"shopping, fashion",Tourist_Spots.csv,brigade road shopping blr,True
128,UB City Mall+FoodBLR,12.97187243,77.59612346,"shopping, entertainment",Tourist_Spots.csv,ub city mall foodblr,True
129,Residency Road BLR,12.96983669,77.60295956,"shopping, fashion, restaurant",Tourist_Spots.csv,residency road blr,True
130,Diamond District BLR,12.95931787,77.64365849,"shopping, fashion",Tourist_Spots.csv,diamond district blr,True
131,Ft. Road,12.97261936,77.64698459,"historical, cultural",Tourist_Spots.csv,ft road,True
132,Mysore City Centre Market,12.30847102,76.65298087,"market, shopping",Tourist_Spots.csv,mysore city centre market,True
133,IIM BLR,12.89544331,77.60215765,educational,Tourist_Spots.csv,iim blr,True
134,Gurudwara Dukh Niwaran Sahib,30.34734,76.39700436,"gurudwara, religious",Tourist_Spots.csv,gurudwara dukh niwaran sahib,True
135,Chattbir Zoo,30.60365181,76.79231433,"park, wildlife, conservation",Tourist_Spots.csv,chattbir zoo,True
136,Sohana Gurudwara,30.68883438,76.70754415,"gurudwara, religious",Tourist_Spots.csv,sohana gurudwara,True
137,Rose Garden,30.74498009,76.7785198,"garden, floral, scenic",Tourist_Spots.csv,rose garden,True
138,Government Museum and Art Gallery,30.74966503,76.78794088,"museum, art, exhibits",Tourist_Spots.csv,government museum and art gallery,True
139,Leisure Valley,30.75319516,76.79299456,"park, recreational",Tourist_Spots.csv,leisure valley,True
140,Bogainvilla Park,30.75831024,76.79615857,"park, garden, nature",Tourist_Spots.csv,bogainvilla park,True
141,"Rock Garden, Chandigarh",30.75290995,76.80522405,garden,Tourist_Spots.csv,rock garden chandigarh,True
142,"Tower of Shadows, Chandigarh",30.75971997,76.80419957,architecture,Tourist_Spots.csv,tower of shadows chandigarh,True
143,Yadavindra Gardens,30.79313736,76.91264309,"historical, garden, architectural",Tourist_Spots.csv,yadavindra gardens,True
144,Guru Tegh Bahadur Sikh Museum,31.23498045,76.49778731,"museum, exhibits",Tourist_Spots.csv,guru tegh bahadur sikh museum,True
145,Himalayan Nature Park Kufri,31.09744674,77.26471307,"nature, park",Tourist_Spots.csv,himalayan nature park kufri,True
146,Jakhu Park,31.10127183,77.18446697,"park, nature",Tourist_Spots.csv,jakhu park,True
147,"Indira Gandhi Statue, Shimla",31.10488449,77.17489152,architectural,Tourist_Spots.csv,indira gandhi statue shimla,True
148,Annadale Golf Hub,31.1115836,77.15816522,sports,Tourist_Spots.csv,annadale golf hub,True
149,Dhyanlinga Meditation and Yoga Centre,10.97798679,76.73528133,"meditation, yoga, spiritual",Tourist_Spots.csv,dhyanlinga meditation and yoga centre,True
150,Adiyogi Shiva Statue,10.9724662,76.74043963,"religious, architectural",Tourist_Spots.csv,adiyogi shiva statue,True
151,Isha Yoga Temple,10.97627187,76.73668682,"temple, spiritual, yoga",Tourist_Spots.csv,isha yoga temple,True
152,Narasipuram Multi Step Waterfall,10.97983316,76.76020693,"waterfall, natural, trekking",Tourist_Spots.csv,narasipuram multi step waterfall,True
153,Kovai Kutralam Waterfall,10.93968923,76.6907528,"waterfall, natural, scenic",Tourist_Spots.csv,kovai kutralam waterfall,True
154,Siruvani Waterfall,10.93968923,76.6907528,"waterfall, natural, photography",Tourist_Spots.csv,siruvani waterfall,True
155,Masaniamman Temple,11.00493672,77.02161734,"temple, spiritual, religious",Tourist_Spots.csv,masaniamman temple,True
156,Kodiveri Waterfall and Dam,11.47345618,77.29596576,"Waterfall, dam, scenic spot",Tourist_Spots.csv,kodiveri waterfall and dam,True
157,Monkey Waterfalls,10.45798931,76.96955093,"Waterfall, natural beauty, trekking",Tourist_Spots.csv,monkey waterfalls,True
158,Siruvani Dam,10.97526232,76.64205143,"dam, scenic",Tourist_Spots.csv,siruvani dam,True
159,Marudhamalai Temple,11.04412776,76.86257778,"temple, spiritual, religious",Tourist_Spots.csv,marudhamalai temple,True
160,Gedee Car Museum,11.00660937,76.97788441,museum,Tourist_Spots.csv,gedee car museum,True
161,Gedee Science Museum,11.0076153,76.97845574,"museum, exhibits",Tourist_Spots.csv,gedee science museum,True
162,VOC Ground Amusement Park,11.00493941,76.97149315,"amusement, family",Tourist_Spots.csv,voc ground amusement park,True
163,St Maichaels Cathedral,10.99543286,76.96509562,"cathedral, religious, architectural",Tourist_Spots.csv,st maichaels cathedral,True
164,Sungam Lake Boating,10.99260671,76.97651766,"lake, boating, recreational",Tourist_Spots.csv,sungam lake boating,True
165,Ernatica Sea World Amusement Park,10.98706391,76.95713529,"amusement, marine, exhibits",Tourist_Spots.csv,ernatica sea world amusement park,True
166,Diwan Bhadur Rd Shopping,11.00721269,76.95096455,shopping,Tourist_Spots.csv,diwan bhadur rd shopping,True
167,Cross Cut Road Shopping,11.02040261,76.96817688,shopping,Tourist_Spots.csv,cross cut road shopping,True
168,VellianGiri Sivan Hill Temple,10.98886917,76.68654894,"temple, spiritual, religious",Tourist_Spots.csv,velliangiri sivan hill temple,True
169,VellianGiri Temple Trail Trek,10.98489949,76.69047091,"trekking, nature, scenic",Tourist_Spots.csv,velliangiri temple trail trek,True
170,Bheeman Immovable Stone,10.98228457,76.69890109,"historical,  cultural",Tourist_Spots.csv,bheeman immovable stone,True
171,Arulmigu Sri Eachanari Vinayagar Temple,10.92392593,76.98234594,"temple, spiritual, religious",Tourist_Spots.csv,arulmigu sri eachanari vinayagar temple,True
172,Black Thunder Water Theme Park,11.32640314,76.91264025,"park, amusement, adventureS",Tourist_Spots.csv,black thunder water theme park,True
173,Exotic Bird Park,11.32072942,76.91743681,"sanctuary, nature, conservation",Tourist_Spots.csv,exotic bird park,True
174,Connoor Wellington Gymkhana Club,11.36029184,76.79616822,"club, sports",Tourist_Spots.csv,connoor wellington gymkhana club,True
175,Coonnoor Sims Park,11.35677489,76.80011415,"garden, scenic, floral",Tourist_Spots.csv,coonnoor sims park,True
176,Connoor Sims Park Hidden Valley Fountain,11.36796376,76.79541367,"scenic, fountain, natural",Tourist_Spots.csv,connoor sims park hidden valley fountain,True
177,Hillgrove Scenec Train Pass,11.34256212,76.83640883,"scenic, railway,  journey",Tourist_Spots.csv,hillgrove scenec train pass,True
178,Dolphin Nose View Point Coonnoor,11.36840454,76.85848486,"scenic, photography",Tourist_Spots.csv,dolphin nose view point coonnoor,True
179,Burliyar Bridge,11.34423855,76.85003708,"historical,  bridge",Tourist_Spots.csv,burliyar bridge,True
180,Connoor madras Regiment Museum,11.36573271,76.78801726,"museum, exhibits",Tourist_Spots.csv,connoor madras regiment museum,True
181,Connoor Black Bridge,11.36083702,76.78062981,"historical, architectural, bridge",Tourist_Spots.csv,connoor black bridge,True
182,Coonnoor manekshaw Bridge,11.36154097,76.7810155,"historical, architectural, bridge",Tourist_Spots.csv,coonnoor manekshaw bridge,True
183,Connoor Wellington lake,11.36205114,76.78565206,"lake, boating, nature",Tourist_Spots.csv,connoor wellington lake,True
184,Connoor Nilgiris Tea Garden,11.35462727,76.80072764,"tea, plantation, scenic",Tourist_Spots.csv,connoor nilgiris tea garden,True
185,Sleeping Lady View Point,11.35293644,76.7957261,"scenic,  natural",Tourist_Spots.csv,sleeping lady view point,True
186,Connoor Laws Falls,11.33172606,76.80067829,"waterfall, natural",Tourist_Spots.csv,connoor laws falls,True
187,Connoor Nilgir Mountain Railway Bridge,11.32850283,76.79469547,"railway, architectural",Tourist_Spots.csv,connoor nilgir mountain railway bridge,True
188,Huligal Hills Connoor,11.33305787,76.79231461,"hills, trekking, nature",Tourist_Spots.csv,huligal hills connoor,True
189,Pakasun Peak View Point Coonnoor,11.31631608,76.83628787,"scenic, photography",Tourist_Spots.csv,pakasun peak view point coonnoor,True
190,Archedin Hills View Point Echo,11.30652382,76.79047379,"scenic, photography",Tourist_Spots.csv,archedin hills view point echo,True
191,Kullakamby Waterfalls,11.28838071,76.75246833,"waterfall, natural",Tourist_Spots.csv,kullakamby waterfalls,True
192,Masinagudi Maravakandy Dam,11.57390708,76.65160225,"dam, scenic",Tourist_Spots.csv,masinagudi maravakandy dam,True
193,Bandipura national park,11.66718844,76.62882289,"wildlife, sanctuary, biodiversity",Tourist_Spots.csv,bandipura national park,True
194,Ooty Boating,11.40582819,76.68835584,"lake, boating",Tourist_Spots.csv,ooty boating,True
195,Ooty Romantic Boating,11.40392167,76.68103622,"lake, boating",Tourist_Spots.csv,ooty romantic boating,True
196,Ooty horticulture garden,11.40083872,76.68376687,"garden, floral, nature",Tourist_Spots.csv,ooty horticulture garden,True
197,Ooty thunderworld amusement park,11.40411802,76.6938934,"amusement, adventure, family",Tourist_Spots.csv,ooty thunderworld amusement park,True
198,Ooty Arbotreum Tea Garden,11.39971006,76.69384217,"tea, plantation, garden",Tourist_Spots.csv,ooty arbotreum tea garden,True
199,Ooty Hill Stn,11.40655611,76.6928913,"scenic, nature",Tourist_Spots.csv,ooty hill stn,True
200,Ooty Ketri Valley View point,11.3972769,76.71736752,"scenic, photography",Tourist_Spots.csv,ooty ketri valley view point,True
201,Ooty Tiger Point,11.39720949,76.72706618,"scenic, photography",Tourist_Spots.csv,ooty tiger point,True
202,Ooty pine Forest,11.43938921,76.65764844,forest,Tourist_Spots.csv,ooty pine forest,True
203,Ooty market,11.41536105,76.69428256,market,Tourist_Spots.csv,ooty market,True
204,Ooty Commercial Street,11.40723902,76.70383336,"shopping, market",Tourist_Spots.csv,ooty commercial street,True
205,Ooty Upper Bazaar,11.4090285,76.70189274,"shopping, market",Tourist_Spots.csv,ooty upper bazaar,True
206,Ooty CSI St Stephens Church,11.41522891,76.70231072,"church, religious",Tourist_Spots.csv,ooty csi st stephens church,True
207,Ooty Govt Museum,11.41220518,76.71486493,museum,Tourist_Spots.csv,ooty govt museum,True
208,Shri Bhimashankar Jyotirlinga Wildlife Reserve,19.09360768,73.5546089,"reserve, wildlife",Tourist_Spots.csv,shri bhimashankar jyotirlinga wildlife reserve,True
209,Sinhagad Fort,18.37069764,73.75418215,"fort, historical",Tourist_Spots.csv,sinhagad fort,True
210,Lal Mahal,18.51899255,73.85661611,"historical, architectural",Tourist_Spots.csv,lal mahal,True
211,Parvati Hill,18.49758719,73.84823757,"photography, trekking",Tourist_Spots.csv,parvati hill,True
212,Joshi's Museum Of Miniature Railways,18.50165389,73.82236486,"photography, museum",Tourist_Spots.csv,joshi s museum of miniature railways,True
213,Shaniwar Wada,18.51970884,73.8553175,"historical, architectural",Tourist_Spots.csv,shaniwar wada,True
214,Shreemant Dagdusheth Halwai Ganpati Mandir,18.51680103,73.85737744,"temple, religious, spiritual",Tourist_Spots.csv,shreemant dagdusheth halwai ganpati mandir,True
215,FC Road,18.52199938,73.84095221,"shopping, nightlife",Tourist_Spots.csv,fc road,True
216,Vishrambaug Wada,18.51437718,73.85382359,"historical, architectural",Tourist_Spots.csv,vishrambaug wada,True
217,Iskcon Temple,18.52121769,73.87920214,"temple, religious, spiritual",Tourist_Spots.csv,iskcon temple,True
218,Mahabaleshwar,17.92601,73.65668,"photography, scenic",Tourist_Spots.csv,mahabaleshwar,True
219,Mulshi,18.46479,73.46763,"photography, scenic",Tourist_Spots.csv,mulshi,True
220,Panchgani,17.92476,73.80563,"photography, scenic",Tourist_Spots.csv,panchgani,True
221,"Chiplun, Ratnagiri",17.54263,73.52088,"beach, photography",Tourist_Spots.csv,chiplun ratnagiri,True
222,Rajiv Gandhi Zoological Park,18.45276564,73.86078697,"Wildlife, zoo, conservation",Tourist_Spots.csv,rajiv gandhi zoological park,True
223,Saras Baug,18.5020667,73.8475582,"religious, photography, historical",Tourist_Spots.csv,saras baug,True
224,Matheran,18.98841303,73.26518004,"photography, scenic",Tourist_Spots.csv,matheran,True
225,Lonavla,18.75801152,73.40468353,"photography, scenic",Tourist_Spots.csv,lonavla,True
226,Laxmi Road,18.5158615,73.85622692,"shopping, market",Tourist_Spots.csv,laxmi road,True
227,Deccan Gymkhana,18.51686,73.84353,sports,Tourist_Spots.csv,deccan gymkhana,True
228,Pataleshwar,18.52711,73.85016,historical,Tourist_Spots.csv,pataleshwar,True
229,Jangli Maharaj Road,18.51686,73.84353,"shopping, market",Tourist_Spots.csv,jangli maharaj road,True
230,Aga Khan Palace,18.55297987,73.90179361,"historical, photography",Tourist_Spots.csv,aga khan palace,True
231,Shivneri Fort,19.19330766,73.85544944,"historical, photography, fort",Tourist_Spots.csv,shivneri fort,True
232,Pune Cantonment,18.513,73.87983,"shopping, photgraphy",Tourist_Spots.csv,pune cantonment,True
233,Siddhivinayak Temple,19.0169,72.8304,"temple, religious, spiritual",Tourist_Spots.csv,siddhivinayak temple,True
234,Gateway of India,18.922456,72.834778,"photography, historical, architectural",Tourist_Spots.csv,gateway of india,True
235,Nehru Planetarium,19.0089,72.877778,"education, photography",Tourist_Spots.csv,nehru planetarium,True
236,Chhatrapati Shivaji Maharaj Terminus,18.935006,72.877647,airport,Tourist_Spots.csv,chhatrapati shivaji maharaj terminus,True
237,Murud-Janjira Fort,18.3319,72.9608,"fort, historical",Tourist_Spots.csv,murud janjira fort,True
238,Murud Beach,18.32971336,72.95486193,"beach, photography, serene",Tourist_Spots.csv,murud beach,True
239,Janjira Fort,18.30015601,72.96436774,"fort, historical",Tourist_Spots.csv,janjira fort,True
240,Alibag Beach,18.639,72.8721,"beach, photography, serene",Tourist_Spots.csv,alibag beach,True
241,Taj Mahal Palace,18.9217,72.8332,"historical, palace",Tourist_Spots.csv,taj mahal palace,True
242,Kolrai Fort,18.5363,72.9081,"fort, historical",Tourist_Spots.csv,kolrai fort,True
243,Diveagar Beach,18.17246302,72.98492329,"beach, photography, serene",Tourist_Spots.csv,diveagar beach,True
244,Korigad Fort,18.62100004,73.38569408,"fort, historical",Tourist_Spots.csv,korigad fort,True
245,Lonavala,18.76028047,73.41271378,"photography, scenic, nature",Tourist_Spots.csv,lonavala,True
246,Khandala,18.77762373,73.37706764,"photography, scenic, nature",Tourist_Spots.csv,khandala,True
247,Lohgad Fort,18.70685001,73.47666102,"fort, historical",Tourist_Spots.csv,lohgad fort,True
248,Raigad Fort,18.23901273,73.42605942,"fort, historical",Tourist_Spots.csv,raigad fort,True
249,Rajgad Fort,18.24669705,73.68080597,"fort, historical",Tourist_Spots.csv,rajgad fort,True
250,Karnala Bird Sanctury,18.8931461,73.11253255,"conservation, sanctuary, photography",Tourist_Spots.csv,karnala bird sanctury,True
251,Matheran,18.99106368,73.26489983,"photography, scenic, nature",Tourist_Spots.csv,matheran,True
252,Juhu Beach,19.11641385,72.82182185,"beach, photography, serene",Tourist_Spots.csv,juhu beach,True
253,Kanheri Caves,19.208133,72.90503494,"historical, architectural, cave",Tourist_Spots.csv,kanheri caves,True
254,Chhatrapati Shivaji Maharaj Vastu Sangrahalaya,18.92661732,72.83239119,"museum, historical, educational",Tourist_Spots.csv,chhatrapati shivaji maharaj vastu sangrahalaya,True
255,Elephanta Caves,18.96389529,72.93113234,"historical, architectural, cave",Tourist_Spots.csv,elephanta caves,True
256,Trimbak,19.93204425,73.53040044,"religious, pilgrimage, tourism",Tourist_Spots.csv,trimbak,True
257,Powai Dam,19.12697666,72.89601382,"dam, scenic",Tourist_Spots.csv,powai dam,True
258,Barid shahi tombs,17.92013351,77.50378654,"religious,  architectural",Tourist_Spots.csv,barid shahi tombs,True
259,Bidar fort,17.92109088,77.53011801,"fort, historical",Tourist_Spots.csv,bidar fort,True
260,Gullbarga fort,17.34056897,76.83316392,"fort, historical",Tourist_Spots.csv,gullbarga fort,True
261,Ananthagiri Hills,17.3115023,77.86458152,nature,Tourist_Spots.csv,ananthagiri hills,True
262,Warangal Fort,17.95642142,79.61528081,"fort, historical",Tourist_Spots.csv,warangal fort,True
263,Bhadrakali Lake,17.98893012,79.58104181,"lake, boating, nature",Tourist_Spots.csv,bhadrakali lake,True
264,Nallamala Forest,15.99473757,78.51536681,wildlife,Tourist_Spots.csv,nallamala forest,True
265,Srisailam Dam,16.08767787,78.90007104,"dam, scenic",Tourist_Spots.csv,srisailam dam,True
266,Bhuvanagiri Fort,17.51544549,78.89301505,"fort, historical, photography",Tourist_Spots.csv,bhuvanagiri fort,True
267,Ramoji Film City,17.25426282,78.67668145,"shopping, market",Tourist_Spots.csv,ramoji film city,True
268,Kandlakoya Oxygen Park,17.60389123,78.49127067,"shopping, market",Tourist_Spots.csv,kandlakoya oxygen park,True
269,Osman Sagar,17.36027115,78.29916137,"lake, photography",Tourist_Spots.csv,osman sagar,True
270,Mrugavani National Park,17.35462114,78.33855556,"shopping, market",Tourist_Spots.csv,mrugavani national park,True
271,Golconda Fort,17.38436144,78.40254514,"fort, historical, photography",Tourist_Spots.csv,golconda fort,True
272,Charminar,17.36164128,78.4746829,"architectural, photography, historical",Tourist_Spots.csv,charminar,True
273,Chowmahalla Palace,17.35804365,78.4716083,"architectural, photography",Tourist_Spots.csv,chowmahalla palace,True
274,"Buddha Statue, Hussain Sagar",17.41554521,78.47499445,"religious, architectural, photography",Tourist_Spots.csv,buddha statue hussain sagar,True
275,NTR Gardens,17.41338426,78.46823597,"garden, nature, scenic",Tourist_Spots.csv,ntr gardens,True
276,Falaknuma Palace,17.33111497,78.4667046,"architectural, photography, historical",Tourist_Spots.csv,falaknuma palace,True
277,Nehru Zoological Park,17.3509714,78.44500433,"wildlife, conservation, nature",Tourist_Spots.csv,nehru zoological park,True
278,Rotary Park for children,17.42194277,78.48459666,"park, floral",Tourist_Spots.csv,rotary park for children,True
279,Sajnekhali Tiger Reserve,22.12628101,88.80336796,"wildlife, conservation, nature",Tourist_Spots.csv,sajnekhali tiger reserve,True
280,Sunderban Tiger Reserve,21.92745114,88.72376463,"wildlife, conservation, nature",Tourist_Spots.csv,sunderban tiger reserve,True
281,Bibhuti Bhushan Wildlife Sanctuary,23.1868203,88.75731959,"wildlife, conservation, nature",Tourist_Spots.csv,bibhuti bhushan wildlife sanctuary,True
282,Dakshineswar Kali Temple,22.65482942,88.35751994,"temple, religious, spiritual",Tourist_Spots.csv,dakshineswar kali temple,True
283,Central Park,22.58910528,88.41441045,"park, floral, photography",Tourist_Spots.csv,central park,True
284,Howrah Bridge,22.58511763,88.34692188,"bridge, architectural",Tourist_Spots.csv,howrah bridge,True
285,Acharya Jagadish Chandra Bose Indian Botanic Garden,22.56069061,88.28666686,"garden, floral, educational",Tourist_Spots.csv,acharya jagadish chandra bose indian botanic garden,True
286,Belur Math,22.63302288,88.3566819,"religious, architectural, photography",Tourist_Spots.csv,belur math,True
287,Howrah Junction,22.58368415,88.34194632,"architectural, travel",Tourist_Spots.csv,howrah junction,True
288,Mullick Ghat Flower Market,22.58163265,88.34866423,"floral, shopping",Tourist_Spots.csv,mullick ghat flower market,True
289,Eastern Railway Museum,22.57792353,88.34002333,"shopping, market",Tourist_Spots.csv,eastern railway museum,True
290,St. John's Protestant Church,22.56993461,88.34594305,"religious, church, spiritual",Tourist_Spots.csv,st john s protestant church,True
291,"Raj Bhavan, Kolkata",22.56724152,88.34722568,"government, architectural",Tourist_Spots.csv,raj bhavan kolkata,True
292,"Eden Gardens Park, Kolkata",22.56406197,88.34016991,"cricket, stadium, sports",Tourist_Spots.csv,eden gardens park kolkata,True
293,Fort William,22.55787151,88.33465293,"fort, architectural",Tourist_Spots.csv,fort william,True
294,Victoria Memorial Garden,22.54593871,88.34280075,"garden, nature, scenic",Tourist_Spots.csv,victoria memorial garden,True
295,"St. Paul Cathedral Church, Kolkata",22.54428044,88.34663171,"church, religious, spiritual",Tourist_Spots.csv,st paul cathedral church kolkata,True
296,"Kalighat Mandir Shaktipeeth, Kolkata",22.52022554,88.34212487,"temple, religious, spiritual",Tourist_Spots.csv,kalighat mandir shaktipeeth kolkata,True
297,"Subhash Sarovar, Kolkata",22.56827017,88.39980653,"lake, recreational, photography",Tourist_Spots.csv,subhash sarovar kolkata,True
298,"James Prinsep Monument, Kolkata",22.55541269,88.33083924,"architectural, historical",Tourist_Spots.csv,james prinsep monument kolkata,True
299,"Birla Mandir, Kolkata",22.53061947,88.3649636,"temple, religious, spiritual",Tourist_Spots.csv,birla mandir kolkata,True
300,"Indian Museum, Kolkata",22.55781742,88.35107447,"museum, exhibits",Tourist_Spots.csv,indian museum kolkata,True
301,"New Market, Kolkata",22.56060142,88.35255766,"shopping, market",Tourist_Spots.csv,new market kolkata,True
302,IIT Guwahati,26.20274,91.70037,education,Tourist_Spots.csv,iit guwahati,True
303,Sri Umananda Temple,26.19633,91.74516,"shopping, market",Tourist_Spots.csv,sri umananda temple,True
304,Guwahati Ropeway,10.83030209,76.72011221,adventure,Tourist_Spots.csv,guwahati ropeway,True
305,Nehru Park,26.1885,91.74751,"park, nature",Tourist_Spots.csv,nehru park,True
306,Pan Bazar,26.1827,91.74922,"cultural, educational, shopping",Tourist_Spots.csv,pan bazar,True
307,Guwahati Planetorium,26.1914,91.75196,"astronomical, education, architetcural",Tourist_Spots.csv,guwahati planetorium,True
308,SUKRESHWAR MANDIR,26.1941,91.73515,"temple, religious, spiritual",Tourist_Spots.csv,sukreshwar mandir,True
309,Umling,25.9826,91.86849,"tourism, nature, serene",Tourist_Spots.csv,umling,True
310,NARANARAYAN SETU,26.21899,90.56011,"bridge, tourism",Tourist_Spots.csv,naranarayan setu,True
311,Girijananda Chowdhury University,26.13519,91.6252,education,Tourist_Spots.csv,girijananda chowdhury university,True
312,Govind Devji Temple,27.58142424,77.69938204,"temple, religious, spiritual",Tourist_Spots.csv,govind devji temple,True
313,Vrindavan,27.58149572,77.70220309,"temple, religious, spiritual",Tourist_Spots.csv,vrindavan,True
314,Mathura,27.48312617,77.67349267,"temple, religious, spiritual",Tourist_Spots.csv,mathura,True
315,Deeg Palace,27.47272854,77.32370678,"architectural, historical",Tourist_Spots.csv,deeg palace,True
316,Sultanpur National Park,28.46453569,76.88630872,"wildlife, conservation",Tourist_Spots.csv,sultanpur national park,True
317,"Leisure Valley Park, Gurugram",28.46957431,77.06595962,"park, scenic, floral",Tourist_Spots.csv,leisure valley park gurugram,True
318,"Coronation Memorial, Delhi",28.72301273,77.19676007,"shopping, market",Tourist_Spots.csv,coronation memorial delhi,True
319,"Tagore Garden, Delhi",28.64703394,77.11094752,"shopping, market",Tourist_Spots.csv,tagore garden delhi,True
320,"Rajouri Garden, Delhi",28.64986333,77.12273845,"shopping, market",Tourist_Spots.csv,rajouri garden delhi,True
321,"Shri Adya Katyayini Shaktipeetam, Delhi",28.65017764,77.31096798,"delhi, religious",Tourist_Spots.csv,shri adya katyayini shaktipeetam delhi,True
322,Qutub Minar,28.52462725,77.18540104,"architectural, historical",Tourist_Spots.csv,qutub minar,True
323,Mehrauli Archaeological Park,28.52040276,77.18759278,"park, archeology",Tourist_Spots.csv,mehrauli archaeological park,True
324,Garden Of Five Senses,28.51429248,77.19751001,"garden, scenic",Tourist_Spots.csv,garden of five senses,True
325,Begumpur Mosque,28.53924123,77.20635831,"mosque, religious, spiritual",Tourist_Spots.csv,begumpur mosque,True
326,Vasant Vihar Park,28.55835801,77.16370617,"park, floral, scenic",Tourist_Spots.csv,vasant vihar park,True
327,Hauz Khas Fort,28.55346729,77.19347146,"fort, architectural, historical",Tourist_Spots.csv,hauz khas fort,True
328,Dr Bhim Rao Ambedkar Central Park,28.56139602,77.19551358,"park, floral, scenic",Tourist_Spots.csv,dr bhim rao ambedkar central park,True
329,Green Park,28.55667495,77.20435948,"park, floral, nature",Tourist_Spots.csv,green park,True
330,Nehru Place,28.55006058,77.25136018,"market, shopping",Tourist_Spots.csv,nehru place,True
331,Lotus Temple,28.5535902,77.25921782,"temple, religious, spiritual",Tourist_Spots.csv,lotus temple,True
332,"ISCKON Temple, New Delhi",28.55627285,77.25378464,"temple, religious, spiritual",Tourist_Spots.csv,isckon temple new delhi,True
333,Okhla Bird Sanctuary,28.57431947,77.30254257,"sanctuary, conservation, bird",Tourist_Spots.csv,okhla bird sanctuary,True
334,"Safdarjung Tomb, Delhi",28.58964016,77.21053599,"religious, architectural, historical",Tourist_Spots.csv,safdarjung tomb delhi,True
335,"Nehru Park, Delhi",28.59077976,77.19283684,"park, floral, nature",Tourist_Spots.csv,nehru park delhi,True
336,"Indira Gandhi Memorial Museum, Delhi",28.59994919,77.20608208,"museum, historical, educational",Tourist_Spots.csv,indira gandhi memorial museum delhi,True
337,"Gandhi Smriti Museum, Delhi",28.60272444,77.21418693,"museum, historical, exhibits",Tourist_Spots.csv,gandhi smriti museum delhi,True
338,"Lodhi Garden, Delhi",28.59302605,77.21947244,"garden, floral, photography",Tourist_Spots.csv,lodhi garden delhi,True
339,"Shah Tomb, Delhi",28.59099123,77.21806696,"religious, architectural, historical",Tourist_Spots.csv,shah tomb delhi,True
340,"Sikandar Lodhi Tomb, Delhi",28.5961253,77.22153238,"religious, architectural, historical",Tourist_Spots.csv,sikandar lodhi tomb delhi,True
341,"Humayun's Tomb, Delhi",28.59345428,77.25077063,"religious, architectural, historical",Tourist_Spots.csv,humayun s tomb delhi,True
342,"Mughal Garden Pavillion, Delhi",28.59752378,77.24768073,"garden, floral, scenic",Tourist_Spots.csv,mughal garden pavillion delhi,True
343,"National Zoological Park, Delhi",28.60685654,77.24538953,"wildlife, park, conservation",Tourist_Spots.csv,national zoological park delhi,True
344,"Purana Qila, Delhi",28.60975333,77.24369418,"fort, historical, architectural",Tourist_Spots.csv,purana qila delhi,True
345,India Gate,28.61376542,77.22955744,"hostorical, photography, architectural",Tourist_Spots.csv,india gate,True
346,Rashtrapati Bhavan,28.61453608,77.19952653,"government, architectural",Tourist_Spots.csv,rashtrapati bhavan,True
347,Gurudwara Sri Bangla Sahib,28.62654589,77.20913477,"gurudwara, religious, spiritual",Tourist_Spots.csv,gurudwara sri bangla sahib,True
348,"Jantar Mantar, Delhi",28.6271206,77.21661597,"astronomical, education, architetcural",Tourist_Spots.csv,jantar mantar delhi,True
349,"Ugrasen ki Baoli, Delhi",28.62621265,77.22504762,"historical, architectural",Tourist_Spots.csv,ugrasen ki baoli delhi,True
350,"Jama Masjid, Delhi",28.65083923,77.23346355,"mosque, religious, spiritual",Tourist_Spots.csv,jama masjid delhi,True
351,Red Fort,28.65668799,77.24391436,"fort, architectural, historical",Tourist_Spots.csv,red fort,True
388,Hidimba Devi Temple_Manali,32.24833527,77.18163672,"temple, religious, spiritual",Tourist_Spots.csv,hidimba devi temple manali,True
389,Lama Dugh Trek Start Point Manali,32.2489198,77.17473429,"adventure, trekking",Tourist_Spots.csv,lama dugh trek start point manali,True
390,Lion King Rock Manali,32.24426632,77.17044847,"adventure, trekking",Tourist_Spots.csv,lion king rock manali,True
391,Manali Market,32.24468918,77.18956942,"shopping, market",Tourist_Spots.csv,manali market,True
392,Lamadugh Top Trek,32.23110824,77.14187832,"trekking, adventure",Tourist_Spots.csv,lamadugh top trek,True
393,Kanpari Tibba Hike,32.22391065,77.13023043,"hiking, adventure",Tourist_Spots.csv,kanpari tibba hike,True
394,Kho Waterfall Manali,32.2478879,77.12297541,waterfall,Tourist_Spots.csv,kho waterfall manali,True
395,Rahala Waterfall Manali,32.33625137,77.21854804,waterfall,Tourist_Spots.csv,rahala waterfall manali,True
396,Panduropa Flat Top Hill,32.25946221,77.21848403,"trekking, scenic",Tourist_Spots.csv,panduropa flat top hill,True
397,Hampta Pass Snow Area,32.2671669,77.24741752,"trekking, nature, photography",Tourist_Spots.csv,hampta pass snow area,True
398,Hanuman Tibba Peak,32.3346684,77.05100071,"scenic, nature, photography",Tourist_Spots.csv,hanuman tibba peak,True
399,Solang Valley Paragliding,32.31382979,77.16242533,adventure,Tourist_Spots.csv,solang valley paragliding,True
400,Solang Skiing and Zipline Adventure Manali,32.31670003,77.15300942,adventure,Tourist_Spots.csv,solang skiing and zipline adventure manali,True
401,Atal Tunnel South Point,32.3636172,77.13335351,"tunnel, architectural",Tourist_Spots.csv,atal tunnel south point,True
402,Atal Tunnel North point Rohtang,32.38671105,77.14353785,"tunnel, architectural",Tourist_Spots.csv,atal tunnel north point rohtang,True
403,Manali Snow Point,32.27574252,77.18074791,"nature, photography, scenic",Tourist_Spots.csv,manali snow point,True
404,Jogini Waterfall,32.27545124,77.1892808,"waterfall, scenic, photography",Tourist_Spots.csv,jogini waterfall,True
405,Beas Riverside Camping,32.27119632,77.17900315,"camping, adventure",Tourist_Spots.csv,beas riverside camping,True
406,Manali Manikaran Gurudwara,32.02698512,77.34491091,"gurudwara, religious",Tourist_Spots.csv,manali manikaran gurudwara,True
407,Manali Manikaran Hindu Temples-Bholenaath Hot Spring Bath,32.02711759,77.34570828,"temple, religious, spiritual",Tourist_Spots.csv,manali manikaran hindu temples bholenaath hot spring bath,True
408,Manali-Leh Highway Gulaba Viewpoint,32.31759903,77.18913083,"scenic, serene",Tourist_Spots.csv,manali leh highway gulaba viewpoint,True
409,Gulaba Tourist Snow Point,32.33149666,77.20649145,"serene, nature, photography",Tourist_Spots.csv,gulaba tourist snow point,True
410,Stone Valley View Point,32.32993714,77.1987203,"nature, scenic, photography",Tourist_Spots.csv,stone valley view point,True
411,Film City View Point Manali,32.3399584,77.21750231,"serene, photography",Tourist_Spots.csv,film city view point manali,True
412,Vashisht Baths and Temples,32.26554,77.18777425,"temple, religious, spiritual",Tourist_Spots.csv,vashisht baths and temples,True
413,Roericht Memorial Trust-Museum and Art Gallery,32.11663652,77.16821999,"art, musem, cultural",Tourist_Spots.csv,roericht memorial trust museum and art gallery,True
414,Naggar Castle Manali,32.11138919,77.16475819,arhitectural,Tourist_Spots.csv,naggar castle manali,True
415,Bhrigu Lake Historic Landmark,32.29322327,77.24312364,"lake, scenic, photography",Tourist_Spots.csv,bhrigu lake historic landmark,True
416,Jana Manali Waterfall and Forest,32.05321529,77.17192232,"waterfall, wildlife, nature",Tourist_Spots.csv,jana manali waterfall and forest,True
417,Manali Wildlife Sanctuary,32.25087225,77.16645027,"wildlife, conservation, nature",Tourist_Spots.csv,manali wildlife sanctuary,True
418,Manali Model Town Road Tibetan Food Spots and Market,32.24350371,77.18852496,"food, shopping",Tourist_Spots.csv,manali model town road tibetan food spots and market,True
419,Kullu Bijli Mahdev Temple,31.92326462,77.15035321,"temple, religious, spiritual",Tourist_Spots.csv,kullu bijli mahdev temple,True
420,Kullu Tirthan Valley,31.6296916,77.41988135,"waterfall, scenic, nature",Tourist_Spots.csv,kullu tirthan valley,True
421,Kullu Great Himalayan National Park,31.80396217,77.51394704,"wildlife, conservation, nature",Tourist_Spots.csv,kullu great himalayan national park,True
422,Kullu Jalori Pass-Ghat Road and Street Food,31.54045234,77.37639965,"trekking, food, adventure",Tourist_Spots.csv,kullu jalori pass ghat road and street food,True
423,Kullu Raghupur Fort,31.53631395,77.35119222,"fort, architectural, historical",Tourist_Spots.csv,kullu raghupur fort,True
424,Kullu Hamta Pass Valley Walk,32.26939386,77.34694808,"trekking, adventure",Tourist_Spots.csv,kullu hamta pass valley walk,True
425,Kullu Hanogi Mata Temple,31.69285166,77.12855383,"temple, religious, spiritual",Tourist_Spots.csv,kullu hanogi mata temple,True
426,Kullu Maa Vaishno Devi Temple,31.98348837,77.12451078,"temple, religious, spiritual",Tourist_Spots.csv,kullu maa vaishno devi temple,True
427,Kullu Chandrakhani Pass,32.07253067,77.24098891,"trekking, adventure, nature",Tourist_Spots.csv,kullu chandrakhani pass,True
428,Kullu Dhakpo Monastery,32.02464512,77.13567378,"monastery, religious, spiritual",Tourist_Spots.csv,kullu dhakpo monastery,True
429,Kullu Dechen Choekhor Buddhist Monastery,31.86814624,77.14781154,"monastery, religious, spiritual",Tourist_Spots.csv,kullu dechen choekhor buddhist monastery,True
430,Old Mannali Village market Food,32.25360828,77.17749775,"shopping, food",Tourist_Spots.csv,old mannali village market food,True
431,Old manali Bridge,32.25291229,77.17974572,"architectural, bridge",Tourist_Spots.csv,old manali bridge,True
432,Manali Deo Tibba,32.19716348,77.38248943,"adventure, trekking",Tourist_Spots.csv,manali deo tibba,True
433,Manali Nature Park,32.25164219,77.18642561,"park, floral, nature",Tourist_Spots.csv,manali nature park,True
434,Dharamshala Tibet Museum and Liberary Archives,32.22623831,76.32505838,"museum, exhibits, historical",Tourist_Spots.csv,dharamshala tibet museum and liberary archives,True
435,Dharamshala Tsuglagkhang Complex Dalai Lama Temple,32.23214954,76.32389252,"temple, religious, spiritual",Tourist_Spots.csv,dharamshala tsuglagkhang complex dalai lama temple,True
436,Dharamshala Skyway View,32.23467595,76.3242988,"scenic, photography",Tourist_Spots.csv,dharamshala skyway view,True
437,Dharamshala Mcleodganj Dal Lake,32.24696762,76.31074664,"lake, scenic, nature",Tourist_Spots.csv,dharamshala mcleodganj dal lake,True
438,Dharamshala Bhangsu Naag Temple and Waterfall,32.24598902,76.33660727,"temple, waterfall, scenic",Tourist_Spots.csv,dharamshala bhangsu naag temple and waterfall,True
439,Dharamshala Naddi View and Sunset Point,32.25388127,76.3026431,"sunset, scenic, nature",Tourist_Spots.csv,dharamshala naddi view and sunset point,True
440,NAAM European Art Gallery,32.18816445,76.35699432,"art, exhibits",Tourist_Spots.csv,naam european art gallery,True
441,Chinmaya Tapovan Temple,32.17617799,76.35919651,"temple, religious, spiritual",Tourist_Spots.csv,chinmaya tapovan temple,True
442,Dharamshala Tea Garden,32.20517874,76.31165274,"tea, serene, garden",Tourist_Spots.csv,dharamshala tea garden,True
443,Kangra Fort,32.08741346,76.25387379,"fort, historical, photography",Tourist_Spots.csv,kangra fort,True
444,Tatpani Hot Springs,32.12920436,76.17631165,"nature, photography",Tourist_Spots.csv,tatpani hot springs,True
445,Himalaya Subbody Butoh Meditation Centre Dharmashala,32.23098219,76.32749901,"meditation, yoga, education",Tourist_Spots.csv,himalaya subbody butoh meditation centre dharmashala,True
446,Nechung Monastery Dharamshala,32.22545022,76.32923317,"shopping, market",Tourist_Spots.csv,nechung monastery dharamshala,True
447,Kangra Art Museum,32.21735877,76.31800922,"shopping, market",Tourist_Spots.csv,kangra art museum,True
448,Dharamshala DipTseChokLing Monastery,32.23772545,76.32366346,"shopping, market",Tourist_Spots.csv,dharamshala diptsechokling monastery,True
449,Indru Naag Temple,32.22116575,76.33418198,"temple, religious, spiritual",Tourist_Spots.csv,indru naag temple,True
450,Manali Goshal Village,32.27449293,77.17216655,"serene, scenic, nature, pphotography",Tourist_Spots.csv,manali goshal village,True
451,Kullu Sarwari BAzaar,31.96367109,77.10921251,"shopping, market",Tourist_Spots.csv,kullu sarwari bazaar,True
452,Palampur Town,32.10927061,76.53391378,"tea, nature, scenic",Tourist_Spots.csv,palampur town,True
453,Bhagsu Naag Town Enroute,32.2447317,76.33200872,"temple, waterfall, photography",Tourist_Spots.csv,bhagsu naag town enroute,True
454,BhagsuNaag Karthani Leta Trail,32.25126919,76.36516507,"adventure, nature, hiking",Tourist_Spots.csv,bhagsunaag karthani leta trail,True
455,KanialtoSalin and Lamadugh Top and Kanpari Tibba Trails Off Gadherni,32.21357471,77.15925982,"adventure, nature",Tourist_Spots.csv,kanialtosalin and lamadugh top and kanpari tibba trails off gadherni,True
456,Kanial Top Boulder Trail,32.2371963,77.16533828,"nature, adventure",Tourist_Spots.csv,kanial top boulder trail,True
457,Dzongsar Khyentse Chokyi LodroMonastery and College Of Dialectics,32.00695289,76.73786073,education,Tourist_Spots.csv,dzongsar khyentse chokyi lodromonastery and college of dialectics,True
458,Dharamshala Kotwali Bazaar,32.21660713,76.31820442,"shopping, market",Tourist_Spots.csv,dharamshala kotwali bazaar,True
459,Nhagsu Naag Triund Trek,32.26637549,76.34880036,"trekking, adventure, nature",Tourist_Spots.csv,nhagsu naag triund trek,True
1,Hidimba Devi Temple_Manali,32.24833526945829,77.18163672060916,,Destinations_manali.csv,hidimba devi temple manali,True
2,Lama Dugh Trek Start Point Manali,32.24891979645484,77.17473428527502,,Destinations_manali.csv,lama dugh trek start point manali,True
3,Lion King Rock Manali,32.244266316444936,77.17044846850328,,Destinations_manali.csv,lion king rock manali,True
4,Manali Market,32.24468918297311,77.18956942357829,,Destinations_manali.csv,manali market,True
5,Lamadugh Top Trek,32.23110824368159,77.14187832083766,,Destinations_manali.csv,lamadugh top trek,True
6,Kanpari Tibba Hike,32.22391065320631,77.1302304281993,,Destinations_manali.csv,kanpari tibba hike,True
7,Kho Waterfall Manali,32.247887903686134,77.12297541173183,,Destinations_manali.csv,kho waterfall manali,True
8,Rahala Waterfall Manali,32.33625136688119,77.21854803795233,,Destinations_manali.csv,rahala waterfall manali,True
9,Panduropa Flat Top Hill,32.25946221461025,77.21848402908921,,Destinations_manali.csv,panduropa flat top hill,True
10,Hampta Pass Snow Area,32.26716690207354,77.24741751855792,,Destinations_manali.csv,hampta pass snow area,True
11,Hanuman Tibba Peak,32.33466840299741,77.05100070594082,,Destinations_manali.csv,hanuman tibba peak,True
12,Solang Valley Paragliding,32.31382979062826,77.16242532595082,,Destinations_manali.csv,solang valley paragliding,True
13,Solang Skiing and Zipline Adventure Manali,32.31670003194736,77.15300942283814,,Destinations_manali.csv,solang skiing and zipline adventure manali,True
14,Atal Tunnel South Point,32.36361719794495,77.13335350857449,,Destinations_manali.csv,atal tunnel south point,True
15,Atal Tunnel North point Rohtang,32.3867110525148,77.14353785343249,,Destinations_manali.csv,atal tunnel north point rohtang,True
16,Manali Snow Point,32.27574251908493,77.18074790982675,,Destinations_manali.csv,manali snow point,True
17,Jogini Waterfall,32.27545124219561,77.18928080486853,,Destinations_manali.csv,jogini waterfall,True
18,Beas Riverside Camping,32.27119632126236,77.17900314763996,,Destinations_manali.csv,beas riverside camping,True
19,Manali Manikaran Gurudwara,32.02698512477785,77.34491090885182,,Destinations_manali.csv,manali manikaran gurudwara,True
20,Manali Manikaran Hindu Temples-Bholenaath Hot Spring Bath,32.02711759150014,77.34570827513664,,Destinations_manali.csv,manali manikaran hindu temples bholenaath hot spring bath,True
21,Manali-Leh Highway Gulaba Viewpoint,32.31759902602108,77.18913082906367,,Destinations_manali.csv,manali leh highway gulaba viewpoint,True
22,Gulaba Tourist Snow Point,32.33149665625981,77.20649144607799,,Destinations_manali.csv,gulaba tourist snow point,True
23,Stone Valley View Point,32.32993714265397,77.19872029723076,,Destinations_manali.csv,stone valley view point,True
24,Film City View Point Manali,32.339958397701324,77.2175023096346,,Destinations_manali.csv,film city view point manali,True
25,Vashisht Baths and Temples,32.26554000330208,77.1877742499158,,Destinations_manali.csv,vashisht baths and temples,True
26,Roericht Memorial Trust-Museum and Art Gallery,32.11663652454473,77.16821999017063,,Destinations_manali.csv,roericht memorial trust museum and art gallery,True
27,Naggar Castle Manali,32.111389188535654,77.16475818898942,,Destinations_manali.csv,naggar castle manali,True
28,Bhrigu Lake Historic Landmark,32.29322327465031,77.2431236396855,,Destinations_manali.csv,bhrigu lake historic landmark,True
29,Jana Manali Waterfall and Forest,32.053215290606474,77.17192231800003,,Destinations_manali.csv,jana manali waterfall and forest,True
30,Manali Wildlife Sanctuary,32.25087224735323,77.16645027298506,,Destinations_manali.csv,manali wildlife sanctuary,True
31,Manali Model Town Road Tibetan Food Spots and Market,32.24350370975672,77.18852495944651,,Destinations_manali.csv,manali model town road tibetan food spots and market,True
32,Kullu Bijli Mahdev Temple,31.92326462466064,77.15035320951883,,Destinations_manali.csv,kullu bijli mahdev temple,True
33,Kullu Tirthan Valley,31.62969159861745,77.41988134908156,,Destinations_manali.csv,kullu tirthan valley,True
34,Kullu Great Himalayan National Park,31.803962174803665,77.51394704083462,,Destinations_manali.csv,kullu great himalayan national park,True
35,Kullu Jalori Pass-Ghat Road and Street Food,31.540452337219737,77.37639964889074,,Destinations_manali.csv,kullu jalori pass ghat road and street food,True
36,Kullu Raghupur Fort,31.536313945310976,77.35119221616219,,Destinations_manali.csv,kullu raghupur fort,True
37,Kullu Hamta Pass Valley Walk,32.26939385959754,77.3469480843302,,Destinations_manali.csv,kullu hamta pass valley walk,True
38,Kullu Hanogi Mata Temple,31.69285166406993,77.12855383494012,,Destinations_manali.csv,kullu hanogi mata temple,True
39,Kullu Maa Vaishno Devi Temple,31.98348837426248,77.1245107805577,,Destinations_manali.csv,kullu maa vaishno devi temple,True
40,Kullu Chandrakhani Pass,32.07253066626073,77.24098891384335,,Destinations_manali.csv,kullu chandrakhani pass,True
41,Kullu Dhakpo Monastery,32.02464512447148,77.13567378438918,,Destinations_manali.csv,kullu dhakpo monastery,True
42,Kullu Dechen Choekhor Buddhist Monastery,31.868146239915955,77.14781154259012,,Destinations_manali.csv,kullu dechen choekhor buddhist monastery,True
43,Old Mannali Village market Food,32.25360827616774,77.17749775495835,,Destinations_manali.csv,old mannali village market food,True
44,Old manali Bridge,32.25291228995587,77.17974571801092,,Destinations_manali.csv,old manali bridge,True
45,Manali Deo Tibba,32.19716347659341,77.38248943266356,,Destinations_manali.csv,manali deo tibba,True
46,Manali Nature Park,32.25164219325835,77.18642561403318,,Destinations_manali.csv,manali nature park,True
47,Dharamshala Tibet Museum and Liberary Archives,32.22623830991296,76.32505838189252,,Destinations_manali.csv,dharamshala tibet museum and liberary archives,True
48,Dharamshala Tsuglagkhang Complex Dalai Lama Temple,32.232149537597,76.32389251624281,,Destinations_manali.csv,dharamshala tsuglagkhang complex dalai lama temple,True
49,Dharamshala Skyway View,32.234675948491194,76.32429879592124,,Destinations_manali.csv,dharamshala skyway view,True
50,Dharamshala Mcleodganj Dal Lake,32.24696762134112,76.31074663938821,,Destinations_manali.csv,dharamshala mcleodganj dal lake,True
51,Dharamshala Bhangsu Naag Temple and Waterfall,32.245989022032994,76.33660726910041,,Destinations_manali.csv,dharamshala bhangsu naag temple and waterfall,True
52,Dharamshala Naddi View and Sunset Point,32.2538812699704,76.30264310008089,,Destinations_manali.csv,dharamshala naddi view and sunset point,True
53,NAAM European Art Gallery,32.188164452901624,76.35699431788326,,Destinations_manali.csv,naam european art gallery,True
54,Chinmaya Tapovan Temple,32.17617799353176,76.35919650597334,,Destinations_manali.csv,chinmaya tapovan temple,True
55,Dharamshala Tea Garden,32.20517874183924,76.31165274293558,,Destinations_manali.csv,dharamshala tea garden,True
56,Kangra Fort,32.08741345522904,76.25387379100324,,Destinations_manali.csv,kangra fort,True
57,Tatpani Hot Springs,32.12920435824533,76.17631165370514,,Destinations_manali.csv,tatpani hot springs,True
58,Himalaya Subbody Butoh Meditation Centre Dharmashala,32.230982194853645,76.327499005796,,Destinations_manali.csv,himalaya subbody butoh meditation centre dharmashala,True
59,Nechung Monastery Dharamshala,32.225450219251435,76.32923316957542,,Destinations_manali.csv,nechung monastery dharamshala,True
60,Kangra Art Museum,32.21735876869869,76.31800922110794,,Destinations_manali.csv,kangra art museum,True
61,Dharamshala DipTseChokLing Monastery,32.237725451318845,76.32366346097756,,Destinations_manali.csv,dharamshala diptsechokling monastery,True
62,Indru Naag Temple,32.221165749443315,76.33418198366218,,Destinations_manali.csv,indru naag temple,True
63,Manali Goshal Village,32.27449292872388,77.17216655380756,,Destinations_manali.csv,manali goshal village,True
64,Kullu Sarwari BAzaar,31.96367109153739,77.10921250766964,,Destinations_manali.csv,kullu sarwari bazaar,True
65,Palampur Town,32.10927061157032,76.53391378029384,,Destinations_manali.csv,palampur town,True
66,Bhagsu Naag Town Enroute,32.24473170484054,76.33200872200287,,Destinations_manali.csv,bhagsu naag town enroute,True
67,BhagsuNaag Karthani Leta Trail,32.25126919466008,76.36516507002344,,Destinations_manali.csv,bhagsunaag karthani leta trail,True
68,KanialtoSalin and Lamadugh Top and Kanpari Tibba Trails Off Gadherni,32.213574714890875,77.15925982320333,,Destinations_manali.csv,kanialtosalin and lamadugh top and kanpari tibba trails off gadherni,True
69,Kanial Top Boulder Trail,32.23719630335673,77.16533828149265,,Destinations_manali.csv,kanial top boulder trail,True
70,Dzongsar Khyentse Chokyi LodroMonastery and College Of Dialectics,32.0069528931221,76.73786073465644,,Destinations_manali.csv,dzongsar khyentse chokyi lodromonastery and college of dialectics,True
71,Dharamshala Kotwali Bazaar,32.21660712895279,76.31820442327334,,Destinations_manali.csv,dharamshala kotwali bazaar,True
72,Nhagsu Naag Triund Trek,32.26637548532709,76.34880036141003,,Destinations_manali.csv,nhagsu naag triund trek,True
1,Dhyanlinga Meditation and Yoga Centre,10.977986788660548,76.73528133288228,,Destinations_coimbatore.csv,dhyanlinga meditation and yoga centre,True
2,Adiyogi Shiva Statue,10.972466202865368,76.74043962820583,,Destinations_coimbatore.csv,adiyogi shiva statue,True
3,Isha Yoga Temple,10.976271870769732,76.73668682454117,,Destinations_coimbatore.csv,isha yoga temple,True
4,Narasipuram Multi Step Waterfall,10.979833160911491,76.76020692695636,,Destinations_coimbatore.csv,narasipuram multi step waterfall,True
5,Kovai Kutralam Waterfall,10.939689228463314,76.69075279864468,,Destinations_coimbatore.csv,kovai kutralam waterfall,True
6,Siruvani Waterfall,10.939689228463314,76.69075279864468,,Destinations_coimbatore.csv,siruvani waterfall,True
7,Masaniamman Temple,11.00493672205332,77.02161733908963,,Destinations_coimbatore.csv,masaniamman temple,True
8,Kodiveri Waterfall and Dam,11.47345617877407,77.29596575547772,,Destinations_coimbatore.csv,kodiveri waterfall and dam,True
9,Monkey Waterfalls,10.45798930896483,76.96955092545068,,Destinations_coimbatore.csv,monkey waterfalls,True
10,Siruvani Dam,10.975262318536188,76.64205142798339,,Destinations_coimbatore.csv,siruvani dam,True
11,Marudhamalai Temple,11.044127756108248,76.86257777889783,,Destinations_coimbatore.csv,marudhamalai temple,True
12,Gedee Car Museum,11.006609365701935,76.97788440742247,,Destinations_coimbatore.csv,gedee car museum,True
13,Gedee Science Museum,11.007615304076536,76.97845573707707,,Destinations_coimbatore.csv,gedee science museum,True
14,VOC Ground Amusement Park,11.004939407611747,76.97149315389224,,Destinations_coimbatore.csv,voc ground amusement park,True
15,St Maichaels Cathedral,10.995432855170934,76.96509562047844,,Destinations_coimbatore.csv,st maichaels cathedral,True
16,Sungam Lake Boating,10.992606713257585,76.97651765755097,,Destinations_coimbatore.csv,sungam lake boating,True
17,Ernatica Sea World Amusement Park,10.9870639099459,76.95713529319984,,Destinations_coimbatore.csv,ernatica sea world amusement park,True
18,Diwan Bhadur Rd Shopping,11.007212685204308,76.9509645547569,,Destinations_coimbatore.csv,diwan bhadur rd shopping,True
19,Cross Cut Road Shopping,11.020402612428272,76.96817688403841,,Destinations_coimbatore.csv,cross cut road shopping,True
20,VellianGiri Sivan Hill Temple,10.988869169966092,76.68654893629319,,Destinations_coimbatore.csv,velliangiri sivan hill temple,True
21,VellianGiri Temple Trail Trek,10.984899490308315,76.69047090890487,,Destinations_coimbatore.csv,velliangiri temple trail trek,True
22,Bheeman Immovable Stone,10.982284568015862,76.69890108549431,,Destinations_coimbatore.csv,bheeman immovable stone,True
23,Arulmigu Sri Eachanari Vinayagar Temple,10.923925929884405,76.98234593531413,,Destinations_coimbatore.csv,arulmigu sri eachanari vinayagar temple,True
24,Black Thunder Water Theme Park,11.326403135309777,76.91264025491,,Destinations_coimbatore.csv,black thunder water theme park,True
25,Exotic Bird Park,11.320729420126328,76.91743680798773,,Destinations_coimbatore.csv,exotic bird park,True
26,Connoor Wellington Gymkhana Club,11.360291841091591,76.79616822151533,,Destinations_coimbatore.csv,connoor wellington gymkhana club,True
27,Coonnoor Sims Park,11.356774890551655,76.80011415223275,,Destinations_coimbatore.csv,coonnoor sims park,True
28,Connoor Sims Park Hidden Valley Fountain,11.36796375922254,76.79541367328855,,Destinations_coimbatore.csv,connoor sims park hidden valley fountain,True
29,Hillgrove Scenec Train Pass,11.342562120945487,76.83640883277735,,Destinations_coimbatore.csv,hillgrove scenec train pass,True
30,Dolphin Nose View Point Coonnoor,11.368404544539157,76.85848486090309,,Destinations_coimbatore.csv,dolphin nose view point coonnoor,True
31,Burliyar Bridge,11.344238554306138,76.8500370839478,,Destinations_coimbatore.csv,burliyar bridge,True
32,Connoor madras Regiment Museum,11.365732707647313,76.78801726354133,,Destinations_coimbatore.csv,connoor madras regiment museum,True
33,Connoor Black Bridge,11.360837020182512,76.78062980795606,,Destinations_coimbatore.csv,connoor black bridge,True
34,Coonnoor manekshaw Bridge,11.361540970469482,76.78101550088815,,Destinations_coimbatore.csv,coonnoor manekshaw bridge,True
35,Connoor Wellington lake,11.362051139943514,76.78565205553554,,Destinations_coimbatore.csv,connoor wellington lake,True
36,Connoor Nilgiris Tea Garden,11.354627273535865,76.8007276414544,,Destinations_coimbatore.csv,connoor nilgiris tea garden,True
37,Sleeping Lady View Point,11.352936437967712,76.79572609732544,,Destinations_coimbatore.csv,sleeping lady view point,True
38,Connoor Laws Falls,11.331726060581577,76.8006782921431,,Destinations_coimbatore.csv,connoor laws falls,True
39,Connoor Nilgir Mountain Railway Bridge,11.32850282800249,76.79469547442754,,Destinations_coimbatore.csv,connoor nilgir mountain railway bridge,True
40,Huligal Hills Connoor,11.333057872165591,76.79231460945284,,Destinations_coimbatore.csv,huligal hills connoor,True
41,Pakasun Peak View Point Coonnoor,11.316316080197913,76.83628786670877,,Destinations_coimbatore.csv,pakasun peak view point coonnoor,True
42,Archedin Hills View Point Echo,11.306523816910344,76.79047379443543,,Destinations_coimbatore.csv,archedin hills view point echo,True
43,Kullakamby Waterfalls,11.28838071426003,76.75246833385515,,Destinations_coimbatore.csv,kullakamby waterfalls,True
44,Masinagudi Maravakandy Dam,11.573907075775631,76.65160224814332,,Destinations_coimbatore.csv,masinagudi maravakandy dam,True
45,Bandipura national park,11.66718843655108,76.62882288783878,,Destinations_coimbatore.csv,bandipura national park,True
46,Ooty Boating,11.405828189427153,76.68835584138812,,Destinations_coimbatore.csv,ooty boating,True
47,Ooty Romantic Boating,11.403921671299525,76.68103622115639,,Destinations_coimbatore.csv,ooty romantic boating,True
48,Ooty horticulture garden,11.400838720988322,76.68376687466014,,Destinations_coimbatore.csv,ooty horticulture garden,True
49,Ooty thunderworld amusement park,11.404118021102295,76.69389339682384,,Destinations_coimbatore.csv,ooty thunderworld amusement park,True
50,Ooty Arbotreum Tea Garden,11.399710060444814,76.69384216740656,,Destinations_coimbatore.csv,ooty arbotreum tea garden,True
51,Ooty Hill Stn,11.406556112607142,76.69289129590499,,Destinations_coimbatore.csv,ooty hill stn,True
52,Ooty Ketri Valley View point,11.397276899227164,76.71736752314064,,Destinations_coimbatore.csv,ooty ketri valley view point,True
53,Ooty Tiger Point,11.39720949434805,76.72706617961558,,Destinations_coimbatore.csv,ooty tiger point,True
54,Ooty pine Forest,11.43938920870781,76.65764844294748,,Destinations_coimbatore.csv,ooty pine forest,True
55,Ooty market,11.415361046010506,76.69428256310111,,Destinations_coimbatore.csv,ooty market,True
56,Ooty Commercial Street,11.407239024013275,76.70383336237376,,Destinations_coimbatore.csv,ooty commercial street,True
57,Ooty Upper Bazaar,11.409028502138952,76.70189273914414,,Destinations_coimbatore.csv,ooty upper bazaar,True
58,Ooty CSI St Stephens Church,11.41522891266868,76.70231071899504,,Destinations_coimbatore.csv,ooty csi st stephens church,True
59,Ooty Govt Museum,11.412205178301992,76.71486492909308,,Destinations_coimbatore.csv,ooty govt museum,True
