circle,monument_name,domestic_2019_20,foreign_2019_20,domestic_2020_21,foreign_2020_21,domestic_growth_pct,foreign_growth_pct,total_visitors_2019_20,total_visitors_2020_21,total_growth_pct,monument_hiddenness_score,visitor_data_quality,hiddenness_rank
Delhi,Sultanghari Tomb,530,6,22969,233,4233.77,3783.33,536,23202,4228.731343283583,100.0,available,1
Kolkata,Metcelf-Hall,605,27,7818,24,1192.23,-11.11,632,7842,1140.8227848101267,98.55,available,2
Jhansi,"Gupta Temple & Varah Temple, Deogarh",1348,32,931,0,-30.93,-100.0,1380,931,-32.53623188405797,91.69,available,3
Nagpur,"Ancient Buddhist Remains comprising monastery stupa, rock sculptures, inscriptions ect Mansur",1596,65,8,0,-99.5,-100.0,1661,8,-99.51836243226971,90.06,available,4
Delhi,Khan-I-Khana,1782,45,3002,10,68.46,-77.78,1827,3012,64.86042692939245,89.22,available,5
Srinagar,"Group of Temples at kiramchi, District Udhampur",5731,4,5816,0,1.48,-100.0,5735,5816,1.4123801220575414,79.16,available,6
Rajkot,"Baba Pyara Caves,Junagadh & Khapra Khodiya Caves, Junagadh",5858,142,1691,1,-71.13,-99.3,6000,1692,-71.8,78.76,available,7
Rajkot,"Asokan Rock Edict, Jungadh",6176,168,10498,16,69.98,-90.48,6344,10514,65.73139974779319,78.27,available,8
Srinagar,"Palace Complex at Ramnagar, Distt. Udhampur",6610,0,2129,0,-67.79,,6610,2129,-67.7912254160363,77.91,available,9
Sarnath,Tomb of Lal Khan,6819,9,1972,2,-71.08,-77.78,6828,1974,-71.0896309314587,77.63,available,10
Amaravati,Amaravati mahastupa,8038,285,1864,0,-76.81,-100.0,8323,1864,-77.6042292442629,75.89,available,11
Srinagar,"Avantiswamin Temple, Avantipur, District Pulwama",9939,32,5706,8,-42.59,-75.0,9971,5714,-42.69381205495939,74.3,available,12
Dharwad,"Temples & Sculpture Shed, lakkumdi",13019,91,5652,0,-56.59,-100.0,13110,5652,-56.88787185354691,71.89,available,13
Bhopal,"Badal Mahal Gatwway, Chanderi",13708,89,9689,5,-29.32,-94.38,13797,9694,-29.738348916431107,71.44,available,14
Jhansi,Rani Lakshmi Bai Mahal,15954,50,5712,5,-64.2,-90.0,16004,5717,-64.27768057985503,70.13,available,15
Bhubaneswar,Rajarani Temple,16916,506,8237,3,-51.31,-99.41,17422,8240,-52.70347836069338,69.39,available,16
Sarnath,Lord Cornwallis Tomb,18318,85,5289,9,-71.13,-89.41,18403,5298,-71.21121556268,68.9,available,17
Tiruchirappalli,"Moovarkoil, Kodumbalur",19114,46,1476,9,-92.28,-80.43,19160,1485,-92.24947807933194,68.55,available,18
Rajkot,"Buddhish Caves, Junagadh",18755,796,58,0,-99.69,-100.0,19551,58,-99.70333998260958,68.37,available,19
Amaravati,Nagarjuna Kunda,19762,35,0,0,,,19797,0,-100.0,68.26,available,20
Bhopal,Buddhist Caves,19920,42,23692,0,18.94,-100.0,19962,23692,18.68550245466386,68.19,available,21
Guwahati,Bishnudol,21062,118,2921,0,-86.13,-100.0,21180,2921,-86.20868744098206,67.67,available,22
Amaravati,"Buddhist Remains on hill top at Guntupalli, W.G.District",22353,85,10219,10,-54.28,-88.24,22438,10229,-54.41215794634103,67.16,available,23
Agra,Mariam tomb Sikandra,22517,414,9765,31,-56.63,-92.51,22931,9796,-57.28053726396581,66.97,available,24
Guwahati,"Group of four MaidansCharaideo, Sibasagar",23111,141,19866,72,-14.04,-48.94,23252,19938,-14.252537416136246,66.85,available,25
Jabalpur,"Ancient Site and Adamgrah rock shelter, Kalamdi Rasuliya and kishanpur",23354,18,16546,8,-29.15,-55.56,23372,16554,-29.171658394660277,66.8,available,26
Bhopal,Bir Singh Palace Datia,23382,736,14045,12,-39.93,-98.37,24118,14057,-41.7157309893026,66.53,available,27
Tiruchirappalli,"Natural Caven with inscription eladipattam, Sittannavasal",23928,645,2490,19,-89.59,-97.05,24573,2509,-89.78960647865544,66.36,available,28
Tiruchirappalli,"Fort on Rock, Dindigual",24657,94,25603,99,3.84,5.32,24751,25702,3.8422689992323544,66.3,available,29
Hampi,Bellary Fort,28723,56,11069,9,-61.46,-83.93,28779,11078,-61.50665415754544,64.97,available,30
Jaipur,Deeg Bhawan,28510,1067,12772,30,-55.2,-97.19,29577,12802,-56.71636744767894,64.73,available,31
Tiruchirappalli,Tirumalai Nayak's Palace Srivilliputhur,30046,460,217,3,-99.28,-99.35,30506,220,-99.27883039402084,64.46,available,32
Tiruchirappalli,"Rock-cut Jain Temple, Sittannavasasl",31876,188,41791,235,31.1,25.0,32064,42026,31.069111776447105,64.02,available,33
Bhopal,"Buddhist cave no 01 to 51 Dhamnar, Tehsil Garoth",32578,4,12303,13,-62.24,225.0,32582,12316,-62.19998772328279,63.88,available,34
Bhubaneswar,The Hill Containing Many Valuable Sculptures and Images Ratnagiri,34562,571,20616,20,-40.35,-96.5,35133,20636,-41.263199840605694,63.22,available,35
Chandigarh,Sheikh Chilli's Tomb,39763,46,30292,75,-23.82,63.04,39809,30367,-23.718254666030294,62.12,available,36
Lucknow,Piprahwa & Ganwaria,38342,3098,12062,3,-68.54,-99.9,41440,12065,-70.88561776061776,61.76,available,37
Mumbai,Kondiote Caves,41490,591,167,0,-99.6,-100.0,42081,167,-99.60314631306291,61.63,available,38
Nagpur,Gawilgarh Fort,43795,11,5,0,-99.99,-100.0,43806,5,-99.98858603844222,61.27,available,39
Chennai,"Tiger headed Rock cut temple & two other monuments, Saluvankuppam",43733,1063,58206,868,33.09,-18.34,44796,59074,31.87338155192428,61.08,available,40
Guwahati,Ahom Raja's Palace,44700,175,25443,69,-43.08,-60.57,44875,25512,-43.14874651810585,61.06,available,41
Bhubaneswar,Ruins of Buddhist Temples and Images lalitgiri,44573,389,18359,8,-58.81,-97.94,44962,18367,-59.14994884569191,61.05,available,42
Bhopal,"The palace situated in the fort, Burhanpur",47305,272,13926,27,-70.56,-90.07,47577,13953,-70.67280408600794,60.55,available,43
Bhopal,Caves 1 t0 20 Udaygiri Vidisha,53546,741,11601,10,-78.33,-98.65,54287,11611,-78.61182235157588,59.39,available,44
Jabalpur,"Group of Temple Parameshvar shiv and Karan Temple, Amarkantak",57408,42,23598,13,-58.89,-69.05,57450,23611,-58.90165361183638,58.89,available,45
Sarnath,Ancient Buddhist Site known as Chaukhandi stupa,55144,5186,14956,46,-72.88,-99.11,60330,15002,-75.13343278634179,58.46,available,46
Vadodara,"Champaner Monuments, Pavagadh",59402,1948,39014,81,-34.32,-95.84,61350,39095,-36.27546862265689,58.31,available,47
Mumbai,"Old Fort, Sholapur",62238,45,11293,1,-81.86,-97.78,62283,11294,-81.86664097747379,58.18,available,48
Leh,Ancient Palace Leh,56639,5671,2047,6,-96.39,-99.89,62310,2053,-96.70518375862622,58.17,available,49
Raipur,Temple of Laxman and Old sites including sculptures sirpur,63759,96,44742,44746,-29.83,46510.42,63855,89488,40.14251037506851,57.96,available,50
Patna,Ancient Site of Vikramshila Antichak,65573,436,27583,27583,-57.94,6226.38,66009,55166,-16.42654789498402,57.67,available,51
Guwahati,"Ranghar Pavillion, Jaisagar",69063,546,33939,75,-50.86,-86.26,69609,34014,-51.135629013489634,57.2,available,52
Shimla,Rock-cut Temples and Sculptures,73439,1709,53123,209,-27.66,-87.77,75148,53332,-29.03071272688561,56.53,available,53
Delhi,Tughluqabad,76135,908,12856,109,-83.11,-88.0,77043,12965,-83.1717352647223,56.31,available,54
Jhansi,Kalinjar Fort,81507,137,80291,27,-1.49,-80.29,81644,80318,-1.6241242467297043,55.8,available,55
Mumbai,"Cave Temple & Inscriptions, Bhaja",80319,1872,10976,24,-86.33,-98.72,82191,11000,-86.61653952379214,55.74,available,56
Sarnath,Observatory of Man Singh,83059,954,21379,11,-74.26,-98.85,84013,21390,-74.5396545772678,55.55,available,57
Agra,Ram Bagh,84051,355,18599,54,-77.87,-84.79,84406,18653,-77.90086012842688,55.5,available,58
Lucknow,Site of Sahet mahet,74597,13628,27201,35,-63.54,-99.74,88225,27236,-69.12893170869935,55.11,available,59
Delhi,Safdarjung Tomb,72938,15977,56776,392,-22.16,-97.55,88915,57168,-35.704886689534945,55.05,available,60
Delhi,Kotla Feroz Shah,89397,810,27763,106,-68.94,-86.91,90207,27869,-69.1055017903267,54.92,available,61
Chandigarh,Suraj Kund,91447,72,11132,14,-87.83,-80.56,91519,11146,-87.8211081851856,54.79,available,62
Shimla,"Ruined Fort, kangra",91306,1758,100454,252,10.02,-85.67,93064,100706,8.211553339637238,54.65,available,63
Hyderabad,Warangal,92690,277,64339,54,-30.59,-80.51,92967,64393,-30.73563737670356,54.65,available,63
Patna,"Ancient site of Vaishali, Kolhua",89631,12962,49207,49213,-45.1,279.67,102593,98420,-4.0675289737116564,53.79,available,65
Amaravati,Chandragiri Monument,103489,109,51113,38,-50.61,-65.14,103598,51151,-50.62549470066989,53.7,available,66
Chennai,"Gingee Fort , Gingee",107073,1736,125109,2272,16.84,30.88,108809,127381,17.068441029694235,53.27,available,67
Amaravati,Undavalli caves,109307,494,52924,89,-51.58,-81.98,109801,53013,-51.71901895246855,53.19,available,68
Patna,"Remains of Patliputra Site of Mauryan Palace, Kumrahar",109962,207,25834,25876,-76.51,12400.48,110169,51710,-53.063021358095284,53.16,available,69
Mumbai,"Kolaba Fort, Alibag",112405,112,50421,12,-55.14,-89.29,112517,50433,-55.17743985353324,52.98,available,70
Lucknow,Residency Building,116348,3367,57194,37,-50.84,-98.9,119715,57231,-52.19396065655933,52.43,available,71
Guwahati,"Kareghar of Ahom Kings, Sibasagar",119912,577,54595,93,-54.47,-83.88,120489,54688,-54.61162429765373,52.37,available,72
Bhopal,Hoshang Shah's Tomb,130094,2017,57769,39,-55.59,-98.07,132111,57808,-56.242856385917904,51.56,available,73
Delhi,Hauzkhas,145544,2625,39837,148,-72.63,-94.36,148169,39985,-73.01392329029689,50.55,available,74
Jaipur,Baori at Abhaneri,66821,85732,44284,115,-33.73,-99.87,152553,44399,-70.8960164664084,50.3,available,75
Kolkata,Bishnupur Temples,154986,505,117107,237,-24.44,-53.07,155491,117344,-24.533252728453736,50.13,available,76
Dharwad,"Ibrahim Rauza, Bijapur",155565,1290,57759,12,-62.87,-99.07,156855,57771,-63.16916897771827,50.05,available,77
Tiruchirappalli,Fort Vattakottai,159492,340,5058,36,-96.83,-89.41,159832,5094,-96.81290354872615,49.89,available,78
Mumbai,Lohgad Fort,161651,579,31042,21,-80.8,-96.37,162230,31063,-80.85249337360537,49.76,available,79
Thrissur,"Fort, Palakkad, Palakkad",174589,241,43927,26,-74.84,-89.21,174830,43953,-74.85957787565063,49.1,available,80
Aurangabad,Aurangabad Caves,182032,2690,34976,19,-80.79,-99.29,184722,34995,-81.05531555526684,48.61,available,81
Banglore,Keshava Temple,178425,8653,64222,196,-64.01,-97.73,187078,64418,-65.56623440490063,48.5,available,82
Dharwad,Durga temple complex Aihole,186767,3849,75089,99,-59.8,-97.43,190616,75188,-60.55525244470559,48.34,available,83
Jaipur,Ancient Site Bhangarh,190833,1893,53946,85,-71.73,-95.51,192726,54031,-71.96486203210776,48.24,available,84
Sarnath,"Old Fort (Shahi Fort), Jaunpur",198922,114,67163,127,-66.24,11.4,199036,67290,-66.19204566008159,47.96,available,85
Aurangabad,Pandulena Caves,202871,1128,29,0,-99.99,-100.0,203999,29,-99.98578424404042,47.74,available,86
Patna,Sher Shah's Tomb,208177,153,95051,95133,-54.34,62078.43,208330,190184,-8.710219363509816,47.56,available,87
Delhi,Jantar Mantar,203197,6516,76108,230,-62.54,-96.47,209713,76338,-63.59882315354795,47.5,available,88
Vadodara,"Sun temple, Modhera",208028,3732,85407,103,-58.94,-97.24,211760,85510,-59.61938043067624,47.41,available,89
Agra,Itimad-ud-Daulah-Tomb,132800,82692,41016,410,-69.11,-99.5,215492,41426,-80.77608449501605,47.26,available,90
Mumbai,Raigad Fort,218338,82,76438,0,-64.99,-100.0,218420,76438,-65.00412050178555,47.14,available,91
Mumbai,"Caves, Temples and inscriptions Karla",219758,2068,51045,21,-76.77,-98.98,221826,51066,-76.97925400989966,47.0,available,92
Mumbai,Aga  Khan Palace Building,219939,9264,18963,55,-91.38,-99.41,229203,19018,-91.70255188631911,46.72,available,93
Thrissur,"Fort St. Angelo, Kannur",234518,3305,65683,115,-71.99,-96.52,237823,65798,-72.33320578749742,46.39,available,94
Agra,Mehtab Bagh,178574,62325,62652,544,-64.92,-99.13,240899,63196,-73.76659928019626,46.28,available,95
Jodhpur,Marble Pavillion and balustrade on the Ana Sagar bund and ruins of the marble Hammam Behind the Ana sagar Bund,241299,98,131764,141,-45.39,43.88,241397,131905,-45.357647360986256,46.26,available,96
Agra,Akbar Tomb Sikandra,229270,19625,99509,321,-56.6,-98.36,248895,99830,-59.89071696900299,45.99,available,97
Mumbai,"Janjira Fort, Murd",253315,151,149221,7,-41.09,-95.36,253466,149228,-41.12504241200003,45.83,available,98
Bhopal,"Buddhist Monuments, Sanchi",250706,3986,58979,41,-76.47,-98.97,254692,59020,-76.82691250608579,45.79,available,99
Bhopal,Gwalior Fort,255734,7744,101464,130,-60.32,-98.32,263478,101594,-61.44118294506562,45.49,available,100
Dharwad,Group of Monuments (WH) Pattadakal,262144,4310,123110,61,-53.04,-98.58,266454,123171,-53.774009772793804,45.39,available,101
Banglore,Palace of Tipu Sultan,256964,10719,38706,270,-84.94,-97.48,267683,38976,-85.43949372952335,45.35,available,102
Jabalpur,"Western Group of Temples, Khajuraho",244995,41741,128515,275,-47.54,-99.34,286736,128790,-55.08411918977736,44.74,available,103
Aurangabad,Ajanta Caves,273344,15899,47554,82,-82.6,-99.48,289243,47636,-83.53080281977438,44.67,available,104
Tiruchirappalli,"Fort Museum, Thirumayam",294829,5259,41487,1555,-85.93,-70.43,300088,43042,-85.65687398363147,44.34,available,105
Bhubaneswar,Ancient Remains on both Udaigiri & Khandagiri Hills,311115,2489,73727,57,-76.3,-97.71,313604,73784,-76.47223887450416,43.96,available,106
Thrissur,"Bekal Fort, Pallikkare, Distt. Kasargod",334846,728,115333,242,-65.56,-66.76,335574,115575,-65.5590123191904,43.36,available,107
Banglore,Fortress and Temple Chitrudurga Fort,338340,1095,144862,297,-57.18,-72.88,339435,145159,-57.23511128787544,43.26,available,108
Vadodara,"Rani Ki-Vav, Patan",337134,3816,96900,143,-71.26,-96.25,340950,97043,-71.53746883707288,43.22,available,109
Mumbai,"Cave, Temple and Inscriptions, Junaar, Lenyadri",354946,105,73899,6,-79.18,-94.29,355051,73905,-79.1846805106872,42.86,available,110
Jhansi,Rani Jhansi Fort,361294,705,174622,107,-51.67,-84.82,361999,174729,-51.732187105489245,42.69,available,111
Dharwad,"Jaina & Vaishnava Cave, Badami",372051,6758,172259,167,-53.7,-97.53,378809,172426,-54.48207407954933,42.29,available,112
Thrissur,mattancherry Palace Museum Kochi,300465,79355,23026,177,-92.34,-99.78,379820,23203,-93.89105365699541,42.27,available,113
Bhopal,Roopmati's Pavilion,392485,1884,148680,91,-62.12,-95.17,394369,148771,-62.27619310848469,41.94,available,114
Vadodara,"Rudabai Step Well, Adalaj",388042,7907,86840,204,-77.62,-97.42,395949,87044,-78.01636069291752,41.91,available,115
Bhopal,"Group of monument, Royal Palace Mandu",408302,2427,181868,128,-55.46,-94.73,410729,181996,-55.68951790596719,41.58,available,116
Mumbai,Buddhist Caves Kanheri,401808,12106,213,0,-99.95,-100.0,413914,213,-99.94854003488648,41.52,available,117
Patna,Excavated Remains at Nalanda,437506,26903,105748,105816,-75.83,293.32,464409,211564,-54.444465977188216,40.5,available,118
Raiganj,Cooch Bihar Palace,465553,52,126135,161,-72.91,209.62,465605,126296,-72.87486173902772,40.48,available,119
Agra,Mausoleum,474462,12536,91185,321,-80.78,-97.44,486998,91506,-81.21018977490667,40.08,available,120
Jodhpur,Kumbhalgarh Fort,495276,11208,203050,208,-59.0,-98.14,506484,203258,-59.86882112761707,39.74,available,121
Aurangabad,Daulatabad Fort,515935,5729,105434,49,-79.56,-99.14,521664,105483,-79.77951324990798,39.48,available,122
Jodhpur,Chittaurgarh Fort,565133,15188,223328,206,-60.48,-98.64,580321,223534,-61.48097346123955,38.54,available,123
Sarnath,Excavated Remains at sarnath,485309,100590,170590,384,-64.85,-99.62,585899,170974,-70.81851991554858,38.46,available,124
Hampi,"Group of Monuments, Hampi",587238,27006,273456,627,-53.43,-97.68,614244,274083,-55.378807118995056,38.04,available,125
Agra,Fatehpur Sikri,454376,184751,107835,574,-76.27,-99.69,639127,108409,-83.0379564624871,37.69,available,126
Banglore,Dariya Daulath Bagh,646560,14016,89006,306,-86.23,-97.82,660576,89312,-86.47967834132636,37.4,available,127
Delhi,Purana Qila,662300,5493,200846,936,-69.67,-82.96,667793,201782,-69.7837503537773,37.31,available,128
Raiganj,Hazarduari Palace,674113,1723,361546,649,-46.37,-62.33,675836,362195,-46.40785634384673,37.2,available,129
Mumbai,Elephanta Caves,686862,37891,82136,281,-88.04,-99.26,724753,82417,-88.62826369811508,36.59,available,130
Dharwad,"Gol Gumbaz, Vijayapura",813943,1683,283256,75,-65.2,-95.54,815626,283331,-65.26214220733523,35.55,available,131
Goa,Upper Fort Aguada,837898,8104,379726,340,-54.68,-95.8,846002,380066,-55.07504710390756,35.23,available,132
Delhi,Humayun Tomb,658318,202288,243836,2381,-62.96,-98.82,860606,246217,-71.3902761542448,35.07,available,133
Aurangabad,Tomb of Rabia Durani (Bibi ka Maqbara),1111778,9530,203791,100,-81.67,-98.95,1121308,203891,-81.81668194644112,32.75,available,134
Mumbai,Shaniwarwada,1128072,8505,160547,87,-85.77,-98.98,1136577,160634,-85.86686163805884,32.63,available,135
Hyderabad,Charminar,1151933,7803,297548,182,-74.17,-97.67,1159736,297730,-74.32777804603806,32.45,available,136
Aurangabad,Ellora Caves,1259261,21426,163313,159,-87.03,-99.26,1280687,163472,-87.23560089233357,31.58,available,137
Chennai,Group of Monuments Mamallapuram,1260358,53422,808145,29145,-35.88,-45.44,1313780,837290,-36.26862945089741,31.35,available,138
Hyderabad,Golconda,1630419,20572,527096,912,-67.67,-95.57,1650991,528008,-68.01872330012702,29.34,available,139
Bhubaneswar,"Sun Temple, Konark",1997427,5294,530886,142,-73.42,-97.32,2002721,531028,-73.48467410088575,27.64,available,140
Agra,Agra Fort,1627154,386522,371242,2810,-77.18,-99.27,2013676,374052,-81.42441981728938,27.6,available,141
Delhi,Red Fort,2200044,91364,187380,1438,-91.48,-98.43,2291408,188818,-91.75973899017548,26.46,available,142
Delhi,Qutub Minar,2048146,255318,476063,2849,-76.76,-98.88,2303464,478912,-79.20905210587185,26.41,available,143
Agra,Taj Mahal,4429710,645415,1259892,9034,-71.56,-98.6,5075125,1268926,-74.99714785350115,19.46,available,144
Grand Total,Grand Total,43607075,2756561,13153076,415859,-69.84,-84.91,46363636,13568935,-70.73366937830329,0.0,available,145
