destination_id,destination_name,women_safety_score,police_support,medical_support,emergency_support,transport_availability,network_availability,lighting,safe_stay,sanitary_facilities,women_specific_facilities,safety_notes,safety_source,safety_source_url,safety_year,safety_data_type,safety_confidence
BV-ASI-0001,Aga  Khan Palace Building,NULL,Not Available,Not Available,Not Available,Not Available,Not Available,Not Available,Not Available,Not Available,Not Available,DATA NOT AVAILABLE in supplied sources.,Not Available,Not Available,Not Available,NOT_AVAILABLE,NOT_AVAILABLE
BV-ASI-0002,Agra Fort,NULL,Not Available,Not Available,Not Available,Not Available,Not Available,Not Available,Not Available,Not Available,Not Available,DATA NOT AVAILABLE in supplied sources.,Not Available,Not Available,Not Available,NOT_AVAILABLE,NOT_AVAILABLE
BV-ASI-0003,Ahom Raja's Palace,NULL,Not Available,Not Available,Not Available,Not Available,Not Available,Not Available,Not Available,Not Available,Not Available,DATA NOT AVAILABLE in supplied sources.,Not Available,Not Available,Not Available,NOT_AVAILABLE,NOT_AVAILABLE
BV-ASI-0004,Ajanta Caves,NULL,Not Available,Not Available,Not Available,Not Available,Not Available,Not Available,Not Available,Not Available,Not Available,DATA NOT AVAILABLE in supplied sources.,Not Available,Not Available,Not Available,NOT_AVAILABLE,NOT_AVAILABLE
BV-ASI-0005,Akbar Tomb Sikandra,NULL,Not Available,Not Available,Not Available,Not Available,Not Available,Not Available,Not Available,Not Available,Not Available,DATA NOT AVAILABLE in supplied sources.,Not Available,Not Available,Not Available,NOT_AVAILABLE,NOT_AVAILABLE
BV-ASI-0006,Amaravati mahastupa,NULL,Not Available,Not Available,Not Available,Not Available,Not Available,Not Available,Not Available,Not Available,Not Available,DATA NOT AVAILABLE in supplied sources.,Not Available,Not Available,Not Available,NOT_AVAILABLE,NOT_AVAILABLE
BV-ASI-0007,"Ancient Buddhist Remains comprising monastery stupa, rock sculptures, inscriptions ect Mansur",NULL,Not Available,Not Available,Not Available,Not Available,Not Available,Not Available,Not Available,Not Available,Not Available,DATA NOT AVAILABLE in supplied sources.,Not Available,Not Available,Not Available,NOT_AVAILABLE,NOT_AVAILABLE
BV-ASI-0008,Ancient Buddhist Site known as Chaukhandi stupa,NULL,Not Available,Not Available,Not Available,Not Available,Not Available,Not Available,Not Available,Not Available,Not Available,DATA NOT AVAILABLE in supplied sources.,Not Available,Not Available,Not Available,NOT_AVAILABLE,NOT_AVAILABLE
BV-ASI-0009,Ancient Palace Leh,NULL,Not Available,Not Available,Not Available,Not Available,Not Available,Not Available,Not Available,Not Available,Not Available,DATA NOT AVAILABLE in supplied sources.,Not Available,Not Available,Not Available,NOT_AVAILABLE,NOT_AVAILABLE
BV-ASI-0010,Ancient Remains on both Udaigiri & Khandagiri Hills,NULL,Not Available,Not Available,Not Available,Not Available,Not Available,Not Available,Not Available,Not Available,Not Available,DATA NOT AVAILABLE in supplied sources.,Not Available,Not Available,Not Available,NOT_AVAILABLE,NOT_AVAILABLE
BV-ASI-0011,"Ancient Site and Adamgrah rock shelter, Kalamdi Rasuliya and kishanpur",NULL,Not Available,Not Available,Not Available,Not Available,Not Available,Not Available,Not Available,Not Available,Not Available,DATA NOT AVAILABLE in supplied sources.,Not Available,Not Available,Not Available,NOT_AVAILABLE,NOT_AVAILABLE
BV-ASI-0012,Ancient Site Bhangarh,NULL,Not Available,Not Available,Not Available,Not Available,Not Available,Not Available,Not Available,Not Available,Not Available,DATA NOT AVAILABLE in supplied sources.,Not Available,Not Available,Not Available,NOT_AVAILABLE,NOT_AVAILABLE
BV-ASI-0013,"Ancient site of Vaishali, Kolhua",NULL,Not Available,Not Available,Not Available,Not Available,Not Available,Not Available,Not Available,Not Available,Not Available,DATA NOT AVAILABLE in supplied sources.,Not Available,Not Available,Not Available,NOT_AVAILABLE,NOT_AVAILABLE
BV-ASI-0014,Ancient Site of Vikramshila Antichak,NULL,Not Available,Not Available,Not Available,Not Available,Not Available,Not Available,Not Available,Not Available,Not Available,DATA NOT AVAILABLE in supplied sources.,Not Available,Not Available,Not Available,NOT_AVAILABLE,NOT_AVAILABLE
BV-ASI-0015,"Asokan Rock Edict, Jungadh",NULL,Not Available,Not Available,Not Available,Not Available,Not Available,Not Available,Not Available,Not Available,Not Available,DATA NOT AVAILABLE in supplied sources.,Not Available,Not Available,Not Available,NOT_AVAILABLE,NOT_AVAILABLE
BV-ASI-0016,Aurangabad Caves,NULL,Not Available,Not Available,Not Available,Not Available,Not Available,Not Available,Not Available,Not Available,Not Available,DATA NOT AVAILABLE in supplied sources.,Not Available,Not Available,Not Available,NOT_AVAILABLE,NOT_AVAILABLE
BV-ASI-0017,"Avantiswamin Temple, Avantipur, District Pulwama",NULL,Not Available,Not Available,Not Available,Not Available,Not Available,Not Available,Not Available,Not Available,Not Available,DATA NOT AVAILABLE in supplied sources.,Not Available,Not Available,Not Available,NOT_AVAILABLE,NOT_AVAILABLE
BV-ASI-0018,"Baba Pyara Caves,Junagadh & Khapra Khodiya Caves, Junagadh",NULL,Not Available,Not Available,Not Available,Not Available,Not Available,Not Available,Not Available,Not Available,Not Available,DATA NOT AVAILABLE in supplied sources.,Not Available,Not Available,Not Available,NOT_AVAILABLE,NOT_AVAILABLE
BV-ASI-0019,"Badal Mahal Gatwway, Chanderi",NULL,Not Available,Not Available,Not Available,Not Available,Not Available,Not Available,Not Available,Not Available,Not Available,DATA NOT AVAILABLE in supplied sources.,Not Available,Not Available,Not Available,NOT_AVAILABLE,NOT_AVAILABLE
BV-ASI-0020,Baori at Abhaneri,NULL,Not Available,Not Available,Not Available,Not Available,Not Available,Not Available,Not Available,Not Available,Not Available,DATA NOT AVAILABLE in supplied sources.,Not Available,Not Available,Not Available,NOT_AVAILABLE,NOT_AVAILABLE
BV-ASI-0021,"Bekal Fort, Pallikkare, Distt. Kasargod",NULL,Not Available,Not Available,Not Available,Not Available,Not Available,Not Available,Not Available,Not Available,Not Available,DATA NOT AVAILABLE in supplied sources.,Not Available,Not Available,Not Available,NOT_AVAILABLE,NOT_AVAILABLE
BV-ASI-0022,Bellary Fort,NULL,Not Available,Not Available,Not Available,Not Available,Not Available,Not Available,Not Available,Not Available,Not Available,DATA NOT AVAILABLE in supplied sources.,Not Available,Not Available,Not Available,NOT_AVAILABLE,NOT_AVAILABLE
BV-ASI-0023,Bir Singh Palace Datia,NULL,Not Available,Not Available,Not Available,Not Available,Not Available,Not Available,Not Available,Not Available,Not Available,DATA NOT AVAILABLE in supplied sources.,Not Available,Not Available,Not Available,NOT_AVAILABLE,NOT_AVAILABLE
BV-ASI-0024,Bishnudol,NULL,Not Available,Not Available,Not Available,Not Available,Not Available,Not Available,Not Available,Not Available,Not Available,DATA NOT AVAILABLE in supplied sources.,Not Available,Not Available,Not Available,NOT_AVAILABLE,NOT_AVAILABLE
BV-ASI-0025,Bishnupur Temples,NULL,Not Available,Not Available,Not Available,Not Available,Not Available,Not Available,Not Available,Not Available,Not Available,DATA NOT AVAILABLE in supplied sources.,Not Available,Not Available,Not Available,NOT_AVAILABLE,NOT_AVAILABLE
BV-ASI-0026,"Buddhish Caves, Junagadh",NULL,Not Available,Not Available,Not Available,Not Available,Not Available,Not Available,Not Available,Not Available,Not Available,DATA NOT AVAILABLE in supplied sources.,Not Available,Not Available,Not Available,NOT_AVAILABLE,NOT_AVAILABLE
BV-ASI-0027,"Buddhist cave no 01 to 51 Dhamnar, Tehsil Garoth",NULL,Not Available,Not Available,Not Available,Not Available,Not Available,Not Available,Not Available,Not Available,Not Available,DATA NOT AVAILABLE in supplied sources.,Not Available,Not Available,Not Available,NOT_AVAILABLE,NOT_AVAILABLE
BV-ASI-0028,Buddhist Caves,NULL,Not Available,Not Available,Not Available,Not Available,Not Available,Not Available,Not Available,Not Available,Not Available,DATA NOT AVAILABLE in supplied sources.,Not Available,Not Available,Not Available,NOT_AVAILABLE,NOT_AVAILABLE
BV-ASI-0029,Buddhist Caves Kanheri,NULL,Not Available,Not Available,Not Available,Not Available,Not Available,Not Available,Not Available,Not Available,Not Available,DATA NOT AVAILABLE in supplied sources.,Not Available,Not Available,Not Available,NOT_AVAILABLE,NOT_AVAILABLE
BV-ASI-0030,"Buddhist Monuments, Sanchi",NULL,Not Available,Not Available,Not Available,Not Available,Not Available,Not Available,Not Available,Not Available,Not Available,DATA NOT AVAILABLE in supplied sources.,Not Available,Not Available,Not Available,NOT_AVAILABLE,NOT_AVAILABLE
BV-ASI-0031,"Buddhist Remains on hill top at Guntupalli, W.G.District",NULL,Not Available,Not Available,Not Available,Not Available,Not Available,Not Available,Not Available,Not Available,Not Available,DATA NOT AVAILABLE in supplied sources.,Not Available,Not Available,Not Available,NOT_AVAILABLE,NOT_AVAILABLE
BV-ASI-0032,Caves 1 t0 20 Udaygiri Vidisha,NULL,Not Available,Not Available,Not Available,Not Available,Not Available,Not Available,Not Available,Not Available,Not Available,DATA NOT AVAILABLE in supplied sources.,Not Available,Not Available,Not Available,NOT_AVAILABLE,NOT_AVAILABLE
BV-ASI-0033,"Caves, Temples and inscriptions Karla",NULL,Not Available,Not Available,Not Available,Not Available,Not Available,Not Available,Not Available,Not Available,Not Available,DATA NOT AVAILABLE in supplied sources.,Not Available,Not Available,Not Available,NOT_AVAILABLE,NOT_AVAILABLE
BV-ASI-0034,"Cave, Temple and Inscriptions, Junaar, Lenyadri",NULL,Not Available,Not Available,Not Available,Not Available,Not Available,Not Available,Not Available,Not Available,Not Available,DATA NOT AVAILABLE in supplied sources.,Not Available,Not Available,Not Available,NOT_AVAILABLE,NOT_AVAILABLE
BV-ASI-0035,"Cave Temple & Inscriptions, Bhaja",NULL,Not Available,Not Available,Not Available,Not Available,Not Available,Not Available,Not Available,Not Available,Not Available,DATA NOT AVAILABLE in supplied sources.,Not Available,Not Available,Not Available,NOT_AVAILABLE,NOT_AVAILABLE
BV-ASI-0036,"Champaner Monuments, Pavagadh",NULL,Not Available,Not Available,Not Available,Not Available,Not Available,Not Available,Not Available,Not Available,Not Available,DATA NOT AVAILABLE in supplied sources.,Not Available,Not Available,Not Available,NOT_AVAILABLE,NOT_AVAILABLE
BV-ASI-0037,Chandragiri Monument,NULL,Not Available,Not Available,Not Available,Not Available,Not Available,Not Available,Not Available,Not Available,Not Available,DATA NOT AVAILABLE in supplied sources.,Not Available,Not Available,Not Available,NOT_AVAILABLE,NOT_AVAILABLE
BV-ASI-0038,Charminar,NULL,Not Available,Not Available,Not Available,Not Available,Not Available,Not Available,Not Available,Not Available,Not Available,DATA NOT AVAILABLE in supplied sources.,Not Available,Not Available,Not Available,NOT_AVAILABLE,NOT_AVAILABLE
BV-ASI-0039,Chittaurgarh Fort,NULL,Not Available,Not Available,Not Available,Not Available,Not Available,Not Available,Not Available,Not Available,Not Available,DATA NOT AVAILABLE in supplied sources.,Not Available,Not Available,Not Available,NOT_AVAILABLE,NOT_AVAILABLE
BV-ASI-0040,Cooch Bihar Palace,NULL,Not Available,Not Available,Not Available,Not Available,Not Available,Not Available,Not Available,Not Available,Not Available,DATA NOT AVAILABLE in supplied sources.,Not Available,Not Available,Not Available,NOT_AVAILABLE,NOT_AVAILABLE
BV-ASI-0041,Dariya Daulath Bagh,NULL,Not Available,Not Available,Not Available,Not Available,Not Available,Not Available,Not Available,Not Available,Not Available,DATA NOT AVAILABLE in supplied sources.,Not Available,Not Available,Not Available,NOT_AVAILABLE,NOT_AVAILABLE
BV-ASI-0042,Daulatabad Fort,NULL,Not Available,Not Available,Not Available,Not Available,Not Available,Not Available,Not Available,Not Available,Not Available,DATA NOT AVAILABLE in supplied sources.,Not Available,Not Available,Not Available,NOT_AVAILABLE,NOT_AVAILABLE
BV-ASI-0043,Deeg Bhawan,NULL,Not Available,Not Available,Not Available,Not Available,Not Available,Not Available,Not Available,Not Available,Not Available,DATA NOT AVAILABLE in supplied sources.,Not Available,Not Available,Not Available,NOT_AVAILABLE,NOT_AVAILABLE
BV-ASI-0044,Durga temple complex Aihole,NULL,Not Available,Not Available,Not Available,Not Available,Not Available,Not Available,Not Available,Not Available,Not Available,DATA NOT AVAILABLE in supplied sources.,Not Available,Not Available,Not Available,NOT_AVAILABLE,NOT_AVAILABLE
BV-ASI-0045,Elephanta Caves,NULL,Not Available,Not Available,Not Available,Not Available,Not Available,Not Available,Not Available,Not Available,Not Available,DATA NOT AVAILABLE in supplied sources.,Not Available,Not Available,Not Available,NOT_AVAILABLE,NOT_AVAILABLE
BV-ASI-0046,Ellora Caves,NULL,Not Available,Not Available,Not Available,Not Available,Not Available,Not Available,Not Available,Not Available,Not Available,DATA NOT AVAILABLE in supplied sources.,Not Available,Not Available,Not Available,NOT_AVAILABLE,NOT_AVAILABLE
BV-ASI-0047,Excavated Remains at Nalanda,NULL,Not Available,Not Available,Not Available,Not Available,Not Available,Not Available,Not Available,Not Available,Not Available,DATA NOT AVAILABLE in supplied sources.,Not Available,Not Available,Not Available,NOT_AVAILABLE,NOT_AVAILABLE
BV-ASI-0048,Excavated Remains at sarnath,NULL,Not Available,Not Available,Not Available,Not Available,Not Available,Not Available,Not Available,Not Available,Not Available,DATA NOT AVAILABLE in supplied sources.,Not Available,Not Available,Not Available,NOT_AVAILABLE,NOT_AVAILABLE
BV-ASI-0049,Fatehpur Sikri,NULL,Not Available,Not Available,Not Available,Not Available,Not Available,Not Available,Not Available,Not Available,Not Available,DATA NOT AVAILABLE in supplied sources.,Not Available,Not Available,Not Available,NOT_AVAILABLE,NOT_AVAILABLE
BV-ASI-0050,"Fort Museum, Thirumayam",NULL,Not Available,Not Available,Not Available,Not Available,Not Available,Not Available,Not Available,Not Available,Not Available,DATA NOT AVAILABLE in supplied sources.,Not Available,Not Available,Not Available,NOT_AVAILABLE,NOT_AVAILABLE
BV-ASI-0051,"Fort on Rock, Dindigual",NULL,Not Available,Not Available,Not Available,Not Available,Not Available,Not Available,Not Available,Not Available,Not Available,DATA NOT AVAILABLE in supplied sources.,Not Available,Not Available,Not Available,NOT_AVAILABLE,NOT_AVAILABLE
BV-ASI-0052,"Fort, Palakkad, Palakkad",NULL,Not Available,Not Available,Not Available,Not Available,Not Available,Not Available,Not Available,Not Available,Not Available,DATA NOT AVAILABLE in supplied sources.,Not Available,Not Available,Not Available,NOT_AVAILABLE,NOT_AVAILABLE
BV-ASI-0053,Fortress and Temple Chitrudurga Fort,NULL,Not Available,Not Available,Not Available,Not Available,Not Available,Not Available,Not Available,Not Available,Not Available,DATA NOT AVAILABLE in supplied sources.,Not Available,Not Available,Not Available,NOT_AVAILABLE,NOT_AVAILABLE
BV-ASI-0054,"Fort St. Angelo, Kannur",NULL,Not Available,Not Available,Not Available,Not Available,Not Available,Not Available,Not Available,Not Available,Not Available,DATA NOT AVAILABLE in supplied sources.,Not Available,Not Available,Not Available,NOT_AVAILABLE,NOT_AVAILABLE
BV-ASI-0055,Fort Vattakottai,NULL,Not Available,Not Available,Not Available,Not Available,Not Available,Not Available,Not Available,Not Available,Not Available,DATA NOT AVAILABLE in supplied sources.,Not Available,Not Available,Not Available,NOT_AVAILABLE,NOT_AVAILABLE
BV-ASI-0056,Gawilgarh Fort,NULL,Not Available,Not Available,Not Available,Not Available,Not Available,Not Available,Not Available,Not Available,Not Available,DATA NOT AVAILABLE in supplied sources.,Not Available,Not Available,Not Available,NOT_AVAILABLE,NOT_AVAILABLE
BV-ASI-0057,"Gingee Fort , Gingee",NULL,Not Available,Not Available,Not Available,Not Available,Not Available,Not Available,Not Available,Not Available,Not Available,DATA NOT AVAILABLE in supplied sources.,Not Available,Not Available,Not Available,NOT_AVAILABLE,NOT_AVAILABLE
BV-ASI-0058,Golconda,NULL,Not Available,Not Available,Not Available,Not Available,Not Available,Not Available,Not Available,Not Available,Not Available,DATA NOT AVAILABLE in supplied sources.,Not Available,Not Available,Not Available,NOT_AVAILABLE,NOT_AVAILABLE
BV-ASI-0059,"Gol Gumbaz, Vijayapura",NULL,Not Available,Not Available,Not Available,Not Available,Not Available,Not Available,Not Available,Not Available,Not Available,DATA NOT AVAILABLE in supplied sources.,Not Available,Not Available,Not Available,NOT_AVAILABLE,NOT_AVAILABLE
BV-ASI-0060,"Group of four MaidansCharaideo, Sibasagar",NULL,Not Available,Not Available,Not Available,Not Available,Not Available,Not Available,Not Available,Not Available,Not Available,DATA NOT AVAILABLE in supplied sources.,Not Available,Not Available,Not Available,NOT_AVAILABLE,NOT_AVAILABLE
BV-ASI-0061,"Group of monument, Royal Palace Mandu",NULL,Not Available,Not Available,Not Available,Not Available,Not Available,Not Available,Not Available,Not Available,Not Available,DATA NOT AVAILABLE in supplied sources.,Not Available,Not Available,Not Available,NOT_AVAILABLE,NOT_AVAILABLE
BV-ASI-0062,"Group of Monuments, Hampi",NULL,Not Available,Not Available,Not Available,Not Available,Not Available,Not Available,Not Available,Not Available,Not Available,DATA NOT AVAILABLE in supplied sources.,Not Available,Not Available,Not Available,NOT_AVAILABLE,NOT_AVAILABLE
BV-ASI-0063,Group of Monuments Mamallapuram,NULL,Not Available,Not Available,Not Available,Not Available,Not Available,Not Available,Not Available,Not Available,Not Available,DATA NOT AVAILABLE in supplied sources.,Not Available,Not Available,Not Available,NOT_AVAILABLE,NOT_AVAILABLE
BV-ASI-0064,Group of Monuments (WH) Pattadakal,NULL,Not Available,Not Available,Not Available,Not Available,Not Available,Not Available,Not Available,Not Available,Not Available,DATA NOT AVAILABLE in supplied sources.,Not Available,Not Available,Not Available,NOT_AVAILABLE,NOT_AVAILABLE
BV-ASI-0065,"Group of Temple Parameshvar shiv and Karan Temple, Amarkantak",NULL,Not Available,Not Available,Not Available,Not Available,Not Available,Not Available,Not Available,Not Available,Not Available,DATA NOT AVAILABLE in supplied sources.,Not Available,Not Available,Not Available,NOT_AVAILABLE,NOT_AVAILABLE
BV-ASI-0066,"Group of Temples at kiramchi, District Udhampur",NULL,Not Available,Not Available,Not Available,Not Available,Not Available,Not Available,Not Available,Not Available,Not Available,DATA NOT AVAILABLE in supplied sources.,Not Available,Not Available,Not Available,NOT_AVAILABLE,NOT_AVAILABLE
BV-ASI-0067,"Gupta Temple & Varah Temple, Deogarh",NULL,Not Available,Not Available,Not Available,Not Available,Not Available,Not Available,Not Available,Not Available,Not Available,DATA NOT AVAILABLE in supplied sources.,Not Available,Not Available,Not Available,NOT_AVAILABLE,NOT_AVAILABLE
BV-ASI-0068,Gwalior Fort,NULL,Not Available,Not Available,Not Available,Not Available,Not Available,Not Available,Not Available,Not Available,Not Available,DATA NOT AVAILABLE in supplied sources.,Not Available,Not Available,Not Available,NOT_AVAILABLE,NOT_AVAILABLE
BV-ASI-0069,Hauzkhas,NULL,Not Available,Not Available,Not Available,Not Available,Not Available,Not Available,Not Available,Not Available,Not Available,DATA NOT AVAILABLE in supplied sources.,Not Available,Not Available,Not Available,NOT_AVAILABLE,NOT_AVAILABLE
BV-ASI-0070,Hazarduari Palace,NULL,Not Available,Not Available,Not Available,Not Available,Not Available,Not Available,Not Available,Not Available,Not Available,DATA NOT AVAILABLE in supplied sources.,Not Available,Not Available,Not Available,NOT_AVAILABLE,NOT_AVAILABLE
BV-ASI-0071,Hoshang Shah's Tomb,NULL,Not Available,Not Available,Not Available,Not Available,Not Available,Not Available,Not Available,Not Available,Not Available,DATA NOT AVAILABLE in supplied sources.,Not Available,Not Available,Not Available,NOT_AVAILABLE,NOT_AVAILABLE
BV-ASI-0072,Humayun Tomb,NULL,Not Available,Not Available,Not Available,Not Available,Not Available,Not Available,Not Available,Not Available,Not Available,DATA NOT AVAILABLE in supplied sources.,Not Available,Not Available,Not Available,NOT_AVAILABLE,NOT_AVAILABLE
BV-ASI-0073,"Ibrahim Rauza, Bijapur",NULL,Not Available,Not Available,Not Available,Not Available,Not Available,Not Available,Not Available,Not Available,Not Available,DATA NOT AVAILABLE in supplied sources.,Not Available,Not Available,Not Available,NOT_AVAILABLE,NOT_AVAILABLE
BV-ASI-0074,Itimad-ud-Daulah-Tomb,NULL,Not Available,Not Available,Not Available,Not Available,Not Available,Not Available,Not Available,Not Available,Not Available,DATA NOT AVAILABLE in supplied sources.,Not Available,Not Available,Not Available,NOT_AVAILABLE,NOT_AVAILABLE
BV-ASI-0075,"Jaina & Vaishnava Cave, Badami",NULL,Not Available,Not Available,Not Available,Not Available,Not Available,Not Available,Not Available,Not Available,Not Available,DATA NOT AVAILABLE in supplied sources.,Not Available,Not Available,Not Available,NOT_AVAILABLE,NOT_AVAILABLE
BV-ASI-0076,"Janjira Fort, Murd",NULL,Not Available,Not Available,Not Available,Not Available,Not Available,Not Available,Not Available,Not Available,Not Available,DATA NOT AVAILABLE in supplied sources.,Not Available,Not Available,Not Available,NOT_AVAILABLE,NOT_AVAILABLE
BV-ASI-0077,Jantar Mantar,NULL,Not Available,Not Available,Not Available,Not Available,Not Available,Not Available,Not Available,Not Available,Not Available,DATA NOT AVAILABLE in supplied sources.,Not Available,Not Available,Not Available,NOT_AVAILABLE,NOT_AVAILABLE
BV-ASI-0078,Kalinjar Fort,NULL,Not Available,Not Available,Not Available,Not Available,Not Available,Not Available,Not Available,Not Available,Not Available,DATA NOT AVAILABLE in supplied sources.,Not Available,Not Available,Not Available,NOT_AVAILABLE,NOT_AVAILABLE
BV-ASI-0079,"Kareghar of Ahom Kings, Sibasagar",NULL,Not Available,Not Available,Not Available,Not Available,Not Available,Not Available,Not Available,Not Available,Not Available,DATA NOT AVAILABLE in supplied sources.,Not Available,Not Available,Not Available,NOT_AVAILABLE,NOT_AVAILABLE
BV-ASI-0080,Keshava Temple,NULL,Not Available,Not Available,Not Available,Not Available,Not Available,Not Available,Not Available,Not Available,Not Available,DATA NOT AVAILABLE in supplied sources.,Not Available,Not Available,Not Available,NOT_AVAILABLE,NOT_AVAILABLE
BV-ASI-0081,Khan-I-Khana,NULL,Not Available,Not Available,Not Available,Not Available,Not Available,Not Available,Not Available,Not Available,Not Available,DATA NOT AVAILABLE in supplied sources.,Not Available,Not Available,Not Available,NOT_AVAILABLE,NOT_AVAILABLE
BV-ASI-0082,"Kolaba Fort, Alibag",NULL,Not Available,Not Available,Not Available,Not Available,Not Available,Not Available,Not Available,Not Available,Not Available,DATA NOT AVAILABLE in supplied sources.,Not Available,Not Available,Not Available,NOT_AVAILABLE,NOT_AVAILABLE
BV-ASI-0083,Kondiote Caves,NULL,Not Available,Not Available,Not Available,Not Available,Not Available,Not Available,Not Available,Not Available,Not Available,DATA NOT AVAILABLE in supplied sources.,Not Available,Not Available,Not Available,NOT_AVAILABLE,NOT_AVAILABLE
BV-ASI-0084,Kotla Feroz Shah,NULL,Not Available,Not Available,Not Available,Not Available,Not Available,Not Available,Not Available,Not Available,Not Available,DATA NOT AVAILABLE in supplied sources.,Not Available,Not Available,Not Available,NOT_AVAILABLE,NOT_AVAILABLE
BV-ASI-0085,Kumbhalgarh Fort,NULL,Not Available,Not Available,Not Available,Not Available,Not Available,Not Available,Not Available,Not Available,Not Available,DATA NOT AVAILABLE in supplied sources.,Not Available,Not Available,Not Available,NOT_AVAILABLE,NOT_AVAILABLE
BV-ASI-0086,Lohgad Fort,NULL,Not Available,Not Available,Not Available,Not Available,Not Available,Not Available,Not Available,Not Available,Not Available,DATA NOT AVAILABLE in supplied sources.,Not Available,Not Available,Not Available,NOT_AVAILABLE,NOT_AVAILABLE
BV-ASI-0087,Lord Cornwallis Tomb,NULL,Not Available,Not Available,Not Available,Not Available,Not Available,Not Available,Not Available,Not Available,Not Available,DATA NOT AVAILABLE in supplied sources.,Not Available,Not Available,Not Available,NOT_AVAILABLE,NOT_AVAILABLE
BV-ASI-0088,Marble Pavillion and balustrade on the Ana Sagar bund and ruins of the marble Hammam Behind the Ana sagar Bund,NULL,Not Available,Not Available,Not Available,Not Available,Not Available,Not Available,Not Available,Not Available,Not Available,DATA NOT AVAILABLE in supplied sources.,Not Available,Not Available,Not Available,NOT_AVAILABLE,NOT_AVAILABLE
BV-ASI-0089,Mariam tomb Sikandra,NULL,Not Available,Not Available,Not Available,Not Available,Not Available,Not Available,Not Available,Not Available,Not Available,DATA NOT AVAILABLE in supplied sources.,Not Available,Not Available,Not Available,NOT_AVAILABLE,NOT_AVAILABLE
BV-ASI-0090,mattancherry Palace Museum Kochi,NULL,Not Available,Not Available,Not Available,Not Available,Not Available,Not Available,Not Available,Not Available,Not Available,DATA NOT AVAILABLE in supplied sources.,Not Available,Not Available,Not Available,NOT_AVAILABLE,NOT_AVAILABLE
BV-ASI-0091,Mausoleum,NULL,Not Available,Not Available,Not Available,Not Available,Not Available,Not Available,Not Available,Not Available,Not Available,DATA NOT AVAILABLE in supplied sources.,Not Available,Not Available,Not Available,NOT_AVAILABLE,NOT_AVAILABLE
BV-ASI-0092,Mehtab Bagh,NULL,Not Available,Not Available,Not Available,Not Available,Not Available,Not Available,Not Available,Not Available,Not Available,DATA NOT AVAILABLE in supplied sources.,Not Available,Not Available,Not Available,NOT_AVAILABLE,NOT_AVAILABLE
BV-ASI-0093,Metcelf-Hall,NULL,Not Available,Not Available,Not Available,Not Available,Not Available,Not Available,Not Available,Not Available,Not Available,DATA NOT AVAILABLE in supplied sources.,Not Available,Not Available,Not Available,NOT_AVAILABLE,NOT_AVAILABLE
BV-ASI-0094,"Moovarkoil, Kodumbalur",NULL,Not Available,Not Available,Not Available,Not Available,Not Available,Not Available,Not Available,Not Available,Not Available,DATA NOT AVAILABLE in supplied sources.,Not Available,Not Available,Not Available,NOT_AVAILABLE,NOT_AVAILABLE
BV-ASI-0095,Nagarjuna Kunda,NULL,Not Available,Not Available,Not Available,Not Available,Not Available,Not Available,Not Available,Not Available,Not Available,DATA NOT AVAILABLE in supplied sources.,Not Available,Not Available,Not Available,NOT_AVAILABLE,NOT_AVAILABLE
BV-ASI-0096,"Natural Caven with inscription eladipattam, Sittannavasal",NULL,Not Available,Not Available,Not Available,Not Available,Not Available,Not Available,Not Available,Not Available,Not Available,DATA NOT AVAILABLE in supplied sources.,Not Available,Not Available,Not Available,NOT_AVAILABLE,NOT_AVAILABLE
BV-ASI-0097,Observatory of Man Singh,NULL,Not Available,Not Available,Not Available,Not Available,Not Available,Not Available,Not Available,Not Available,Not Available,DATA NOT AVAILABLE in supplied sources.,Not Available,Not Available,Not Available,NOT_AVAILABLE,NOT_AVAILABLE
BV-ASI-0098,"Old Fort (Shahi Fort), Jaunpur",NULL,Not Available,Not Available,Not Available,Not Available,Not Available,Not Available,Not Available,Not Available,Not Available,DATA NOT AVAILABLE in supplied sources.,Not Available,Not Available,Not Available,NOT_AVAILABLE,NOT_AVAILABLE
BV-ASI-0099,"Old Fort, Sholapur",NULL,Not Available,Not Available,Not Available,Not Available,Not Available,Not Available,Not Available,Not Available,Not Available,DATA NOT AVAILABLE in supplied sources.,Not Available,Not Available,Not Available,NOT_AVAILABLE,NOT_AVAILABLE
BV-ASI-0100,"Palace Complex at Ramnagar, Distt. Udhampur",NULL,Not Available,Not Available,Not Available,Not Available,Not Available,Not Available,Not Available,Not Available,Not Available,DATA NOT AVAILABLE in supplied sources.,Not Available,Not Available,Not Available,NOT_AVAILABLE,NOT_AVAILABLE
BV-ASI-0101,Palace of Tipu Sultan,NULL,Not Available,Not Available,Not Available,Not Available,Not Available,Not Available,Not Available,Not Available,Not Available,DATA NOT AVAILABLE in supplied sources.,Not Available,Not Available,Not Available,NOT_AVAILABLE,NOT_AVAILABLE
BV-ASI-0102,Pandulena Caves,NULL,Not Available,Not Available,Not Available,Not Available,Not Available,Not Available,Not Available,Not Available,Not Available,DATA NOT AVAILABLE in supplied sources.,Not Available,Not Available,Not Available,NOT_AVAILABLE,NOT_AVAILABLE
BV-ASI-0103,Piprahwa & Ganwaria,NULL,Not Available,Not Available,Not Available,Not Available,Not Available,Not Available,Not Available,Not Available,Not Available,DATA NOT AVAILABLE in supplied sources.,Not Available,Not Available,Not Available,NOT_AVAILABLE,NOT_AVAILABLE
BV-ASI-0104,Purana Qila,NULL,Not Available,Not Available,Not Available,Not Available,Not Available,Not Available,Not Available,Not Available,Not Available,DATA NOT AVAILABLE in supplied sources.,Not Available,Not Available,Not Available,NOT_AVAILABLE,NOT_AVAILABLE
BV-ASI-0105,Qutub Minar,NULL,Not Available,Not Available,Not Available,Not Available,Not Available,Not Available,Not Available,Not Available,Not Available,DATA NOT AVAILABLE in supplied sources.,Not Available,Not Available,Not Available,NOT_AVAILABLE,NOT_AVAILABLE
BV-ASI-0106,Raigad Fort,NULL,Not Available,Not Available,Not Available,Not Available,Not Available,Not Available,Not Available,Not Available,Not Available,DATA NOT AVAILABLE in supplied sources.,Not Available,Not Available,Not Available,NOT_AVAILABLE,NOT_AVAILABLE
BV-ASI-0107,Rajarani Temple,NULL,Not Available,Not Available,Not Available,Not Available,Not Available,Not Available,Not Available,Not Available,Not Available,DATA NOT AVAILABLE in supplied sources.,Not Available,Not Available,Not Available,NOT_AVAILABLE,NOT_AVAILABLE
BV-ASI-0108,Ram Bagh,NULL,Not Available,Not Available,Not Available,Not Available,Not Available,Not Available,Not Available,Not Available,Not Available,DATA NOT AVAILABLE in supplied sources.,Not Available,Not Available,Not Available,NOT_AVAILABLE,NOT_AVAILABLE
BV-ASI-0109,"Ranghar Pavillion, Jaisagar",NULL,Not Available,Not Available,Not Available,Not Available,Not Available,Not Available,Not Available,Not Available,Not Available,DATA NOT AVAILABLE in supplied sources.,Not Available,Not Available,Not Available,NOT_AVAILABLE,NOT_AVAILABLE
BV-ASI-0110,Rani Jhansi Fort,NULL,Not Available,Not Available,Not Available,Not Available,Not Available,Not Available,Not Available,Not Available,Not Available,DATA NOT AVAILABLE in supplied sources.,Not Available,Not Available,Not Available,NOT_AVAILABLE,NOT_AVAILABLE
BV-ASI-0111,"Rani Ki-Vav, Patan",NULL,Not Available,Not Available,Not Available,Not Available,Not Available,Not Available,Not Available,Not Available,Not Available,DATA NOT AVAILABLE in supplied sources.,Not Available,Not Available,Not Available,NOT_AVAILABLE,NOT_AVAILABLE
BV-ASI-0112,Rani Lakshmi Bai Mahal,NULL,Not Available,Not Available,Not Available,Not Available,Not Available,Not Available,Not Available,Not Available,Not Available,DATA NOT AVAILABLE in supplied sources.,Not Available,Not Available,Not Available,NOT_AVAILABLE,NOT_AVAILABLE
BV-ASI-0113,Red Fort,NULL,Not Available,Not Available,Not Available,Not Available,Not Available,Not Available,Not Available,Not Available,Not Available,DATA NOT AVAILABLE in supplied sources.,Not Available,Not Available,Not Available,NOT_AVAILABLE,NOT_AVAILABLE
BV-ASI-0114,"Remains of Patliputra Site of Mauryan Palace, Kumrahar",NULL,Not Available,Not Available,Not Available,Not Available,Not Available,Not Available,Not Available,Not Available,Not Available,DATA NOT AVAILABLE in supplied sources.,Not Available,Not Available,Not Available,NOT_AVAILABLE,NOT_AVAILABLE
BV-ASI-0115,Residency Building,NULL,Not Available,Not Available,Not Available,Not Available,Not Available,Not Available,Not Available,Not Available,Not Available,DATA NOT AVAILABLE in supplied sources.,Not Available,Not Available,Not Available,NOT_AVAILABLE,NOT_AVAILABLE
BV-ASI-0116,"Rock-cut Jain Temple, Sittannavasasl",NULL,Not Available,Not Available,Not Available,Not Available,Not Available,Not Available,Not Available,Not Available,Not Available,DATA NOT AVAILABLE in supplied sources.,Not Available,Not Available,Not Available,NOT_AVAILABLE,NOT_AVAILABLE
BV-ASI-0117,Rock-cut Temples and Sculptures,NULL,Not Available,Not Available,Not Available,Not Available,Not Available,Not Available,Not Available,Not Available,Not Available,DATA NOT AVAILABLE in supplied sources.,Not Available,Not Available,Not Available,NOT_AVAILABLE,NOT_AVAILABLE
BV-ASI-0118,Roopmati's Pavilion,NULL,Not Available,Not Available,Not Available,Not Available,Not Available,Not Available,Not Available,Not Available,Not Available,DATA NOT AVAILABLE in supplied sources.,Not Available,Not Available,Not Available,NOT_AVAILABLE,NOT_AVAILABLE
BV-ASI-0119,"Rudabai Step Well, Adalaj",NULL,Not Available,Not Available,Not Available,Not Available,Not Available,Not Available,Not Available,Not Available,Not Available,DATA NOT AVAILABLE in supplied sources.,Not Available,Not Available,Not Available,NOT_AVAILABLE,NOT_AVAILABLE
BV-ASI-0120,"Ruined Fort, kangra",NULL,Not Available,Not Available,Not Available,Not Available,Not Available,Not Available,Not Available,Not Available,Not Available,DATA NOT AVAILABLE in supplied sources.,Not Available,Not Available,Not Available,NOT_AVAILABLE,NOT_AVAILABLE
BV-ASI-0121,Ruins of Buddhist Temples and Images lalitgiri,NULL,Not Available,Not Available,Not Available,Not Available,Not Available,Not Available,Not Available,Not Available,Not Available,DATA NOT AVAILABLE in supplied sources.,Not Available,Not Available,Not Available,NOT_AVAILABLE,NOT_AVAILABLE
BV-ASI-0122,Safdarjung Tomb,NULL,Not Available,Not Available,Not Available,Not Available,Not Available,Not Available,Not Available,Not Available,Not Available,DATA NOT AVAILABLE in supplied sources.,Not Available,Not Available,Not Available,NOT_AVAILABLE,NOT_AVAILABLE
BV-ASI-0123,Shaniwarwada,NULL,Not Available,Not Available,Not Available,Not Available,Not Available,Not Available,Not Available,Not Available,Not Available,DATA NOT AVAILABLE in supplied sources.,Not Available,Not Available,Not Available,NOT_AVAILABLE,NOT_AVAILABLE
BV-ASI-0124,Sheikh Chilli's Tomb,NULL,Not Available,Not Available,Not Available,Not Available,Not Available,Not Available,Not Available,Not Available,Not Available,DATA NOT AVAILABLE in supplied sources.,Not Available,Not Available,Not Available,NOT_AVAILABLE,NOT_AVAILABLE
BV-ASI-0125,Sher Shah's Tomb,NULL,Not Available,Not Available,Not Available,Not Available,Not Available,Not Available,Not Available,Not Available,Not Available,DATA NOT AVAILABLE in supplied sources.,Not Available,Not Available,Not Available,NOT_AVAILABLE,NOT_AVAILABLE
BV-ASI-0126,Site of Sahet mahet,NULL,Not Available,Not Available,Not Available,Not Available,Not Available,Not Available,Not Available,Not Available,Not Available,DATA NOT AVAILABLE in supplied sources.,Not Available,Not Available,Not Available,NOT_AVAILABLE,NOT_AVAILABLE
BV-ASI-0127,Sultanghari Tomb,NULL,Not Available,Not Available,Not Available,Not Available,Not Available,Not Available,Not Available,Not Available,Not Available,DATA NOT AVAILABLE in supplied sources.,Not Available,Not Available,Not Available,NOT_AVAILABLE,NOT_AVAILABLE
BV-ASI-0128,"Sun Temple, Konark",NULL,Not Available,Not Available,Not Available,Not Available,Not Available,Not Available,Not Available,Not Available,Not Available,DATA NOT AVAILABLE in supplied sources.,Not Available,Not Available,Not Available,NOT_AVAILABLE,NOT_AVAILABLE
BV-ASI-0129,"Sun temple, Modhera",NULL,Not Available,Not Available,Not Available,Not Available,Not Available,Not Available,Not Available,Not Available,Not Available,DATA NOT AVAILABLE in supplied sources.,Not Available,Not Available,Not Available,NOT_AVAILABLE,NOT_AVAILABLE
BV-ASI-0130,Suraj Kund,NULL,Not Available,Not Available,Not Available,Not Available,Not Available,Not Available,Not Available,Not Available,Not Available,DATA NOT AVAILABLE in supplied sources.,Not Available,Not Available,Not Available,NOT_AVAILABLE,NOT_AVAILABLE
BV-ASI-0131,Taj Mahal,NULL,Not Available,Not Available,Not Available,Not Available,Not Available,Not Available,Not Available,Not Available,Not Available,DATA NOT AVAILABLE in supplied sources.,Not Available,Not Available,Not Available,NOT_AVAILABLE,NOT_AVAILABLE
BV-ASI-0132,Temple of Laxman and Old sites including sculptures sirpur,NULL,Not Available,Not Available,Not Available,Not Available,Not Available,Not Available,Not Available,Not Available,Not Available,DATA NOT AVAILABLE in supplied sources.,Not Available,Not Available,Not Available,NOT_AVAILABLE,NOT_AVAILABLE
BV-ASI-0133,"Temples & Sculpture Shed, lakkumdi",NULL,Not Available,Not Available,Not Available,Not Available,Not Available,Not Available,Not Available,Not Available,Not Available,DATA NOT AVAILABLE in supplied sources.,Not Available,Not Available,Not Available,NOT_AVAILABLE,NOT_AVAILABLE
BV-ASI-0134,The Hill Containing Many Valuable Sculptures and Images Ratnagiri,NULL,Not Available,Not Available,Not Available,Not Available,Not Available,Not Available,Not Available,Not Available,Not Available,DATA NOT AVAILABLE in supplied sources.,Not Available,Not Available,Not Available,NOT_AVAILABLE,NOT_AVAILABLE
BV-ASI-0135,"The palace situated in the fort, Burhanpur",NULL,Not Available,Not Available,Not Available,Not Available,Not Available,Not Available,Not Available,Not Available,Not Available,DATA NOT AVAILABLE in supplied sources.,Not Available,Not Available,Not Available,NOT_AVAILABLE,NOT_AVAILABLE
BV-ASI-0136,"Tiger headed Rock cut temple & two other monuments, Saluvankuppam",NULL,Not Available,Not Available,Not Available,Not Available,Not Available,Not Available,Not Available,Not Available,Not Available,DATA NOT AVAILABLE in supplied sources.,Not Available,Not Available,Not Available,NOT_AVAILABLE,NOT_AVAILABLE
BV-ASI-0137,Tirumalai Nayak's Palace Srivilliputhur,NULL,Not Available,Not Available,Not Available,Not Available,Not Available,Not Available,Not Available,Not Available,Not Available,DATA NOT AVAILABLE in supplied sources.,Not Available,Not Available,Not Available,NOT_AVAILABLE,NOT_AVAILABLE
BV-ASI-0138,Tomb of Lal Khan,NULL,Not Available,Not Available,Not Available,Not Available,Not Available,Not Available,Not Available,Not Available,Not Available,DATA NOT AVAILABLE in supplied sources.,Not Available,Not Available,Not Available,NOT_AVAILABLE,NOT_AVAILABLE
BV-ASI-0139,Tomb of Rabia Durani (Bibi ka Maqbara),NULL,Not Available,Not Available,Not Available,Not Available,Not Available,Not Available,Not Available,Not Available,Not Available,DATA NOT AVAILABLE in supplied sources.,Not Available,Not Available,Not Available,NOT_AVAILABLE,NOT_AVAILABLE
BV-ASI-0140,Tughluqabad,NULL,Not Available,Not Available,Not Available,Not Available,Not Available,Not Available,Not Available,Not Available,Not Available,DATA NOT AVAILABLE in supplied sources.,Not Available,Not Available,Not Available,NOT_AVAILABLE,NOT_AVAILABLE
BV-ASI-0141,Undavalli caves,NULL,Not Available,Not Available,Not Available,Not Available,Not Available,Not Available,Not Available,Not Available,Not Available,DATA NOT AVAILABLE in supplied sources.,Not Available,Not Available,Not Available,NOT_AVAILABLE,NOT_AVAILABLE
BV-ASI-0142,Upper Fort Aguada,NULL,Not Available,Not Available,Not Available,Not Available,Not Available,Not Available,Not Available,Not Available,Not Available,DATA NOT AVAILABLE in supplied sources.,Not Available,Not Available,Not Available,NOT_AVAILABLE,NOT_AVAILABLE
BV-ASI-0143,Warangal,NULL,Not Available,Not Available,Not Available,Not Available,Not Available,Not Available,Not Available,Not Available,Not Available,DATA NOT AVAILABLE in supplied sources.,Not Available,Not Available,Not Available,NOT_AVAILABLE,NOT_AVAILABLE
BV-ASI-0144,"Western Group of Temples, Khajuraho",NULL,Not Available,Not Available,Not Available,Not Available,Not Available,Not Available,Not Available,Not Available,Not Available,DATA NOT AVAILABLE in supplied sources.,Not Available,Not Available,Not Available,NOT_AVAILABLE,NOT_AVAILABLE
