name,short_description,description,category,criteria,inscribed_year,country,image,coordinates,components,component_count,heritage_source
Ancient Buddhist Site of Sarnath,"The serial property contains the architectural and archaeological remains of Sarnath, the sacred site where the Buddha is believed to have delivered his first sermon in the 6th century BCE and met his earliest disciples. Identified by the Buddha himself as one of the four principal Buddhist pilgrimage sites, Sarnath grew over many centuries through royal, monastic, and lay patronage, resulting in the construction of numerous stupas, temples, and viharas. After flourishing as a major Buddhist centre, Sarnath declined in the 12th century CE and fell into obscurity until its rediscovery in the 18th century. Today preserved as two archaeological zones, it remains both an important tourist destination and a revived pilgrimage site for Buddhists worldwide.","The serial property contains the architectural and archaeological remains of Sarnath, the sacred site where the Buddha is believed to have delivered his first sermon in the 6th century BCE and met his earliest disciples. Identified by the Buddha himself as one of the four principal Buddhist pilgrimage sites, Sarnath grew over many centuries through royal, monastic, and lay patronage, resulting in the construction of numerous stupas, temples, and viharas. After flourishing as a major Buddhist centre, Sarnath declined in the 12th century CE and fell into obscurity until its rediscovery in the 18th century. Today preserved as two archaeological zones, it remains both an important tourist destination and a revived pilgrimage site for Buddhists worldwide.",Cultural,(iii),2026,India,https://whc.unesco.org/document/220772,,"{name: Chaukandi Stupa, ref: 927-001, latitude: 25.3741666667, longitude: 83.0236111111}, {name: Archaelogical Remains of Sarnath, ref: 927-002, latitude: 25.3808333334, longitude: 83.0244444445}",2,UNESCO World Heritage
Maratha Military Landscapes of India,"The property includes twelve major fortifications, mostly in Maharashtra State, with one in Tamil Nadu. These forts, such as Raigad, Shivneri, and Sindhudurg, were built, adapted, or expanded by the Marathas between the late 17th and early 19th centuries. Strategically located on coastal and mountainous terrain, they formed a complex defence system supporting Maratha military dominance, trade protection, and territorial control. This network played a key role in the Marathas’ rise as a major political and military force.","The property includes twelve major fortifications, mostly in Maharashtra State, with one in Tamil Nadu. These forts, such as Raigad, Shivneri, and Sindhudurg, were built, adapted, or expanded by the Marathas between the late 17th and early 19th centuries. Strategically located on coastal and mountainous terrain, they formed a complex defence system supporting Maratha military dominance, trade protection, and territorial control. This network played a key role in the Marathas’ rise as a major political and military force.",Cultural,(iv),2025,India,https://whc.unesco.org/document/219733,"20.7225, 73.9425","{name: Raigad, ref: 1739-005, latitude: 18.2361111111, longitude: 73.4444444444}, {name: Rajgad, ref: 1739-006, latitude: 18.2461111111, longitude: 73.6825}, {name: Lohagad, ref: 1739-003, latitude: 18.71, longitude: 73.4766666667}, {name: Pratapgad, ref: 1739-007, latitude: 17.9358333333, longitude: 73.5786111111}, {name: Vijaydurg, ref: 1739-010, latitude: 16.5608333333, longitude: 73.3333333333}, {name: Sindhudurg, ref: 1739-011, latitude: 16.0425, longitude: 73.4597222222}, {name: Salher Fort, ref: 1739-001, latitude: 20.7225, longitude: 73.9425}, {name: Suvarnadurg, ref: 1739-008, latitude: 17.8163888889, longitude: 73.0844444444}, {name: Gingee Fort, ref: 1739-012, latitude: 12.2505555556, longitude: 79.4013888889}, {name: Panhala Fort, ref: 1739-009, latitude: 16.8111111111, longitude: 74.1080555556}, {name: Shivneri Fort, ref: 1739-002, latitude: 19.1966666666, longitude: 73.8583333333}, {name: Khanderi Fort, ref: 1739-004, latitude: 18.7038888889, longitude: 72.8133333333}",12,UNESCO World Heritage
Moidams – the Mound-Burial System of the Ahom Dynasty,"Set in the foothills of the Patkai Ranges in eastern Assam, the property contains the royal necropolis of the Tai-Ahom. For 600 years, the Tai-Ahom created moidams (burial mounds) accentuating the natural topography of hills, forests and water, thus forming a sacred geography. Banyan trees and the trees used for coffins and bark manuscripts were planted and water bodies created. Ninety moidams – hollow vaults built of brick, stone or earth – of different sizes are found within the site. They contain the remains of kings and other royals together with grave goods such as food, horses and elephants, and sometimes queens and servants. The Tai-Ahom rituals of “Me-Dam-Me-Phi” and “Tarpan” are practiced at the Charaideo necropolis. While moidams are found in other areas within the Brahmaputra Valley, those found at the property are regarded as exceptional.","Set in the foothills of the Patkai Ranges in eastern Assam, the property contains the royal necropolis of the Tai-Ahom. For 600 years, the Tai-Ahom created moidams (burial mounds) accentuating the natural topography of hills, forests and water, thus forming a sacred geography. Banyan trees and the trees used for coffins and bark manuscripts were planted and water bodies created. Ninety moidams – hollow vaults built of brick, stone or earth – of different sizes are found within the site. They contain the remains of kings and other royals together with grave goods such as food, horses and elephants, and sometimes queens and servants. The Tai-Ahom rituals of “Me-Dam-Me-Phi” and “Tarpan” are practiced at the Charaideo necropolis. While moidams are found in other areas within the Brahmaputra Valley, those found at the property are regarded as exceptional.",Cultural,(iii)(iv),2024,India,https://whc.unesco.org/document/206874,"26.9411747222, 94.87635","{name: Moidams – the Mound-Burial System of the Ahom Dynasty, ref: 1711, latitude: 26.9411747222, longitude: 94.87635}",1,UNESCO World Heritage
Santiniketan,"Established in rural West Bengal in 1901 by the renowned poet and philosopher Rabindranath Tagore, Santiniketan was a residential school and centre for art based on ancient Indian traditions and a vision of the unity of humanity transcending religious and cultural boundaries. A ‘world university’ was established at Santiniketan in 1921, recognizing the unity of humanity or “Visva Bharati”. Distinct from the prevailing British colonial architectural orientations of the early 20th century and of European modernism, Santiniketan represents approaches toward a pan-Asian modernity, drawing on ancient, medieval and folk traditions from across the region.","Established in rural West Bengal in 1901 by the renowned poet and philosopher Rabindranath Tagore, Santiniketan was a residential school and centre for art based on ancient Indian traditions and a vision of the unity of humanity transcending religious and cultural boundaries. A ‘world university’ was established at Santiniketan in 1921, recognizing the unity of humanity or “Visva Bharati”. Distinct from the prevailing British colonial architectural orientations of the early 20th century and of European modernism, Santiniketan represents approaches toward a pan-Asian modernity, drawing on ancient, medieval and folk traditions from across the region.",Cultural,(iv),2023,India,https://whc.unesco.org/document/197758,"23.6802777778, 87.6849722222","{name: Santiniketan, ref: 1375, latitude: 23.6802777778, longitude: 87.6849722222}",1,UNESCO World Heritage
Sacred Ensembles of the Hoysalas,"This serial property encompasses the three most representative examples of Hoysala-style temple complexes in southern India, dating from the 12th to 13th centuries. The Hoysala style was created through careful selection of contemporary temple features and those from the past to create a different identity from neighbouring kingdoms. The shrines are characterized by hyper-real sculptures and stone carvings that cover the entire architectural surface, a circumambulatory platform, a large-scale sculptural gallery, a multi-tiered frieze, and sculptures of the Sala legend. The excellence of the sculptural art underpins the artistic achievement of these temple complexes, which represent a significant stage in the historical development of Hindu temple architecture.","This serial property encompasses the three most representative examples of Hoysala-style temple complexes in southern India, dating from the 12th to 13th centuries. The Hoysala style was created through careful selection of contemporary temple features and those from the past to create a different identity from neighbouring kingdoms. The shrines are characterized by hyper-real sculptures and stone carvings that cover the entire architectural surface, a circumambulatory platform, a large-scale sculptural gallery, a multi-tiered frieze, and sculptures of the Sala legend. The excellence of the sculptural art underpins the artistic achievement of these temple complexes, which represent a significant stage in the historical development of Hindu temple architecture.",Cultural,(i)(ii)(iv),2023,India,https://whc.unesco.org/document/192197,"13.2124527778, 75.9940722222","{name: Keshava Temple, ref: 1670-003, latitude: 12.2759694445, longitude: 76.8817916667}, {name: Hoysalesvara Temple, ref: 1670-002, latitude: 13.2124527778, longitude: 75.9940722222}, {name: Channakeshava Temple, ref: 1670-001, latitude: 13.1628472222, longitude: 75.8604055556}",3,UNESCO World Heritage
Dholavira: a Harappan City,"The ancient city of Dholavira, the southern centre of the Harappan Civilization, is sited on the arid island of Khadir in the State of Gujarat. Occupied between ca. 3000-1500 BCE, the archaeological site, one of the best preserved urban settlements from the period in Southeast Asia, comprises a fortified city and a cemetery. Two seasonal streams provided water, a scarce resource in the region, to the walled city which comprises a heavily fortified castle and ceremonial ground as well as streets and houses of different proportion quality which testify to a stratified social order. A sophisticated water management system demonstrates the ingenuity of the Dholavira people in their struggle to survive and thrive in a harsh environment. The site includes a large cemetery with cenotaphs of six types testifying to the Harappan’s unique view of death. Bead processing workshops and artifacts of various kinds such as copper, shell, stone, jewellery of semi-precious stones, terracotta, gold, ivory and other materials have been found during archaeological excavations of the site, exhibiting the culture’s artistic and technological achievements. Evidence for inter-regional trade with other Harappan cities, as well as with cities in the Mesopotamia region and the Oman peninsula have also been discovered.","The ancient city of Dholavira, the southern centre of the Harappan Civilization, is sited on the arid island of Khadir in the State of Gujarat. Occupied between ca. 3000-1500 BCE, the archaeological site, one of the best preserved urban settlements from the period in Southeast Asia, comprises a fortified city and a cemetery. Two seasonal streams provided water, a scarce resource in the region, to the walled city which comprises a heavily fortified castle and ceremonial ground as well as streets and houses of different proportion quality which testify to a stratified social order. A sophisticated water management system demonstrates the ingenuity of the Dholavira people in their struggle to survive and thrive in a harsh environment. The site includes a large cemetery with cenotaphs of six types testifying to the Harappan’s unique view of death. Bead processing workshops and artifacts of various kinds such as copper, shell, stone, jewellery of semi-precious stones, terracotta, gold, ivory and other materials have been found during archaeological excavations of the site, exhibiting the culture’s artistic and technological achievements. Evidence for inter-regional trade with other Harappan cities, as well as with cities in the Mesopotamia region and the Oman peninsula have also been discovered.",Cultural,(iii)(iv),2021,India,https://whc.unesco.org/document/181368,"23.8884083333, 70.2133027778","{name: Dholavira: a Harappan City, ref: 1645, latitude: 23.8884083333, longitude: 70.2133027778}",1,UNESCO World Heritage
"Kakatiya Rudreshwara (Ramappa) Temple, Telangana","Rudreshwara, popularly known as Ramappa Temple, is located in the village of Palampet approximately 200km north-east of Hyderabad, in the State of Telangana. It is the main Shiva temple in a walled complex built during the Kakatiyan period (1123–1323 CE) under rulers Rudradeva and Recharla Rudra. Construction of the sandstone temple began in 1213 CE and is believed to have continued over some 40 years. The building features decorated beams and pillars of carved granite and dolerite with a distinctive and pyramidal Vimana (horizontally stepped tower) made of lightweight porous bricks, so-called ‘floating bricks’, which reduced the weight of the roof structures. The temple’s sculptures of high artistic quality illustrate regional dance customs and Kakatiyan culture. Located at the foothills of a forested area and amidst agricultural fields, close to the shores of the Ramappa Cheruvu, a Kakatiya-built water reservoir, the choice of setting for the edifice followed the ideology and practice sanctioned in dharmic texts that temples are to be constructed to form an integral part of a natural setting, including hills, forests, springs, streams, lakes, catchment areas, and agricultural lands.","Rudreshwara, popularly known as Ramappa Temple, is located in the village of Palampet approximately 200km north-east of Hyderabad, in the State of Telangana. It is the main Shiva temple in a walled complex built during the Kakatiyan period (1123–1323 CE) under rulers Rudradeva and Recharla Rudra. Construction of the sandstone temple began in 1213 CE and is believed to have continued over some 40 years. The building features decorated beams and pillars of carved granite and dolerite with a distinctive and pyramidal Vimana (horizontally stepped tower) made of lightweight porous bricks, so-called ‘floating bricks’, which reduced the weight of the roof structures. The temple’s sculptures of high artistic quality illustrate regional dance customs and Kakatiyan culture. Located at the foothills of a forested area and amidst agricultural fields, close to the shores of the Ramappa Cheruvu, a Kakatiya-built water reservoir, the choice of setting for the edifice followed the ideology and practice sanctioned in dharmic texts that temples are to be constructed to form an integral part of a natural setting, including hills, forests, springs, streams, lakes, catchment areas, and agricultural lands.",Cultural,(i)(iii),2021,India,https://whc.unesco.org/document/182794,"18.2591333333, 79.9432055556","{name: Kakatiya Rudreshwara (Ramappa) Temple, Telangana, ref: 1570bis, latitude: 18.2591333333, longitude: 79.9432055556}",1,UNESCO World Heritage
"Jaipur City, Rajasthan","The walled city of Jaipur, in India’s north-western state of Rajasthan was founded in 1727 by Sawai Jai Singh II. Unlike other cities in the region located in hilly terrain, Jaipur was established on the plain and built according to a grid plan interpreted in the light of Vedic architecture. The streets feature continuous colonnaded businesses that intersect in the centre, creating large public squares called chaupars. Markets, shops, residences and temples built along the main streets have uniform facades. The city's urban planning shows an exchange of ideas from ancient Hindu and early modern Mughal as well as Western cultures. The grid plan is a model that prevails in the West, while the organization of the different city sectors (chowkris) refers to traditional Hindu concepts. Designed to be a commercial capital, the city has maintained its local commercial, artisanal and cooperative traditions to this day.","The walled city of Jaipur, in India’s north-western state of Rajasthan was founded in 1727 by Sawai Jai Singh II. Unlike other cities in the region located in hilly terrain, Jaipur was established on the plain and built according to a grid plan interpreted in the light of Vedic architecture. The streets feature continuous colonnaded businesses that intersect in the centre, creating large public squares called chaupars. Markets, shops, residences and temples built along the main streets have uniform facades. The city's urban planning shows an exchange of ideas from ancient Hindu and early modern Mughal as well as Western cultures. The grid plan is a model that prevails in the West, while the organization of the different city sectors (chowkris) refers to traditional Hindu concepts. Designed to be a commercial capital, the city has maintained its local commercial, artisanal and cooperative traditions to this day.",Cultural,(ii)(iv),2019,India,https://whc.unesco.org/document/173407,"26.9242777778, 75.8218611111","{name: Jaipur City, Rajasthan, ref: 1605, latitude: 26.9242777778, longitude: 75.8218611111}",1,UNESCO World Heritage
Victorian Gothic and Art Deco Ensembles of Mumbai,"Having become a global trading centre, the city of Mumbai implemented an ambitious urban planning project in the second half of the 19th century. It led to the construction of ensembles of public buildings bordering the Oval Maidan open space, first in the Victorian Neo-Gothic style and then, in the early 20th century, in the Art Deco idiom. The Victorian ensemble includes Indian elements suited to the climate, including balconies and verandas. The Art Deco edifices, with their cinemas and residential buildings, blend Indian design with Art Deco imagery, creating a unique style that has been described as Indo-Deco. These two ensembles bear testimony to the phases of modernization that Mumbai has undergone in the course of the 19th and 20th centuries.","Having become a global trading centre, the city of Mumbai implemented an ambitious urban planning project in the second half of the 19th century. It led to the construction of ensembles of public buildings bordering the Oval Maidan open space, first in the Victorian Neo-Gothic style and then, in the early 20th century, in the Art Deco idiom. The Victorian ensemble includes Indian elements suited to the climate, including balconies and verandas. The Art Deco edifices, with their cinemas and residential buildings, blend Indian design with Art Deco imagery, creating a unique style that has been described as Indo-Deco. These two ensembles bear testimony to the phases of modernization that Mumbai has undergone in the course of the 19th and 20th centuries.",Cultural,(ii)(iv),2018,India,https://whc.unesco.org/document/203839,"18.9298055556, 72.8300833333","{name: Victorian Gothic and Art Deco Ensembles of Mumbai, ref: 1480, latitude: 18.9298055556, longitude: 72.8300833333}",1,UNESCO World Heritage
Historic City of Ahmadabad,"The walled city of Ahmadabad, founded by Sultan Ahmad Shah in the 15th century, on the eastern bank of the Sabarmati river, presents a rich architectural heritage from the sultanate period, notably the Bhadra citadel, the walls and gates of the Fort city and numerous mosques and tombs as well as important Hindu and Jain temples of later periods. The urban fabric is made up of densely-packed traditional houses (pols) in gated traditional streets (puras) with characteristic features such as bird feeders, public wells and religious institutions. The city continued to flourish as the capital of the State of Gujarat for six centuries, up to the present.","The walled city of Ahmadabad, founded by Sultan Ahmad Shah in the 15th century, on the eastern bank of the Sabarmati river, presents a rich architectural heritage from the sultanate period, notably the Bhadra citadel, the walls and gates of the Fort city and numerous mosques and tombs as well as important Hindu and Jain temples of later periods. The urban fabric is made up of densely-packed traditional houses (pols) in gated traditional streets (puras) with characteristic features such as bird feeders, public wells and religious institutions. The city continued to flourish as the capital of the State of Gujarat for six centuries, up to the present.",Cultural,(ii)(v),2017,India,https://whc.unesco.org/document/158905,"23.0263888889, 72.5880555556","{name: Historic City of Ahmadabad, ref: 1551, latitude: 23.0263888889, longitude: 72.5880555556}",1,UNESCO World Heritage
"Archaeological Site of Nalanda Mahavihara at Nalanda, Bihar","The Nalanda Mahavihara site is in the State of Bihar, in north-eastern India. It comprises the archaeological remains of a monastic and scholastic institution dating from the 3rd century BCE to the 13th century CE. It includes stupas, shrines, viharas (residential and educational buildings) and important art works in stucco, stone and metal. Nalanda stands out as the most ancient university of the Indian Subcontinent. It engaged in the organized transmission of knowledge over an uninterrupted period of 800 years. The historical development of the site testifies to the development of Buddhism into a religion and the flourishing of monastic and educational traditions.","The Nalanda Mahavihara site is in the State of Bihar, in north-eastern India. It comprises the archaeological remains of a monastic and scholastic institution dating from the 3rd century BCE to the 13th century CE. It includes stupas, shrines, viharas (residential and educational buildings) and important art works in stucco, stone and metal. Nalanda stands out as the most ancient university of the Indian Subcontinent. It engaged in the organized transmission of knowledge over an uninterrupted period of 800 years. The historical development of the site testifies to the development of Buddhism into a religion and the flourishing of monastic and educational traditions.",Cultural,(iv),2016,India,https://whc.unesco.org/document/141224,"25.1366666667, 85.4438888889","{name: Archaeological Site of Nalanda Mahavihara at Nalanda, Bihar, ref: 1502, latitude: 25.1366666667, longitude: 85.4438888889}",1,UNESCO World Heritage
Khangchendzonga National Park,"Located at the heart of the Himalayan range in northern India (State of Sikkim), the Khangchendzonga National Park includes a unique diversity of plains, valleys, lakes, glaciers and spectacular, snow-capped mountains covered with ancient forests, including the world’s third highest peak, Mount Khangchendzonga. Mythological stories are associated with this mountain and with a great number of natural elements (caves, rivers, lakes, etc.) that are the object of worship by the indigenous people of Sikkim. The sacred meanings of these stories and practices have been integrated with Buddhist beliefs and constitute the basis for Sikkimese identity.","Located at the heart of the Himalayan range in northern India (State of Sikkim), the Khangchendzonga National Park includes a unique diversity of plains, valleys, lakes, glaciers and spectacular, snow-capped mountains covered with ancient forests, including the world’s third highest peak, Mount Khangchendzonga. Mythological stories are associated with this mountain and with a great number of natural elements (caves, rivers, lakes, etc.) that are the object of worship by the indigenous people of Sikkim. The sacred meanings of these stories and practices have been integrated with Buddhist beliefs and constitute the basis for Sikkimese identity.",Mixed,(iii)(vii)(x),2016,India,https://whc.unesco.org/document/141188,"27.7647222222, 88.3772222222","{name: Khangchendzonga National Park, ref: 1513, latitude: 27.7647222222, longitude: 88.3772222222}",1,UNESCO World Heritage
"The Architectural Work of Le Corbusier, an Outstanding Contribution to the Modern Movement","Chosen from the work of Le Corbusier, the 17 sites comprising this transnational serial property are spread over seven countries and are a testimonial to the invention of a new architectural language that made a break with the past. They were built over a period of a half-century, in the course of what Le Corbusier described as “patient research”. The Complexe du Capitole in Chandigarh (India), the National Museum of Western Art, Tokyo (Japan), the House of Dr Curutchet in La Plata (Argentina) and the Unité d’habitation in Marseille (France) reflect the solutions that the Modern Movement sought to apply during the 20th century to the challenges of inventing new architectural techniques to respond to the needs of society. These masterpieces of creative genius also attest to the internationalization of architectural practice across the planet.","Chosen from the work of Le Corbusier, the 17 sites comprising this transnational serial property are spread over seven countries and are a testimonial to the invention of a new architectural language that made a break with the past. They were built over a period of a half-century, in the course of what Le Corbusier described as “patient research”. The Complexe du Capitole in Chandigarh (India), the National Museum of Western Art, Tokyo (Japan), the House of Dr Curutchet in La Plata (Argentina) and the Unité d’habitation in Marseille (France) reflect the solutions that the Modern Movement sought to apply during the 20th century to the challenges of inventing new architectural techniques to respond to the needs of society. These masterpieces of creative genius also attest to the internationalization of architectural practice across the planet.",Cultural,(i)(ii),2016,"India,Japan,France,Belgium,Switzerland,Argentina,Germany",https://whc.unesco.org/document/140720,"46.4684138889, 6.8293361111","{name: Cité Frugès, ref: 1321rev-003, latitude: 44.7995834551, longitude: -0.6477638952}, {name: Maison Guiete, ref: 1321rev-004, latitude: 51.183667, longitude: 4.39325}, {name: Immeuble Clarté, ref: 1321rev-007, latitude: 46.20016, longitude: 6.156409}, {name: Complexe du Capitole, ref: 1321rev-014, latitude: 30.7575, longitude: 76.8055555556}, {name: Cabanon de Le Corbusier, ref: 1321rev-013, latitude: 43.75972, longitude: 7.4634}, {name: Maison du docteur Curutchet, ref: 1321rev-011, latitude: -34.9113416667, longitude: -57.941825}, {name: La Manufacture à Saint- Dié, ref: 1321rev-010, latitude: 48.29082, longitude: 6.95025}, {name: Maisons La Roche et Jeanneret, ref: 1321rev-001, latitude: 48.85186, longitude: 2.26535}, {name: Unité d’habitation Marseille, ref: 1321rev-009, latitude: 43.26137, longitude: 5.39618}, {name: Maison de la Culture de Firminy, ref: 1321rev-017, latitude: 45.38319, longitude: 4.289067}, {name: Villa Savoye et loge du jardiner, ref: 1321rev-006, latitude: 48.924423, longitude: 2.028344}, {name: Maisons de la Weissenhof-Siedlung, ref: 1321rev-005, latitude: 48.799845, longitude: 9.177665}, {name: Petite villa au bord du lac Léman, ref: 1321rev-002, latitude: 46.468414, longitude: 6.829336}, {name: Couvent Sainte-Marie-de-la-Tourette, ref: 1321rev-015, latitude: 45.819396, longitude: 4.6225}, {name: Immeuble locatif à la Porte Molitor, ref: 1321rev-008, latitude: 48.84339, longitude: 2.25129}, {name: Chapelle Notre-Dame-du-Haut de Ronchamp, ref: 1321rev-012, latitude: 47.70449, longitude: 6.62078}, {name: Musée National des Beaux-Arts de l’Occident, ref: 1321rev-016, latitude: 35.7152777778, longitude: 139.775833333}",17,UNESCO World Heritage
Great Himalayan National Park Conservation Area,"This National Park in the western part of the Himalayan Mountains in the northern Indian state of Himachal Pradesh is characterized by high alpine peaks, alpine meadows and riverine forests. The 90,540 ha property includes the upper mountain glacial and snow meltwater sources of several rivers, and the catchments of water supplies that are vital to millions of downstream users. The GHNPCA protects the monsoon-affected forests and alpine meadows of the Himalayan front ranges. It is part of the Himalaya biodiversity hotspot and includes twenty-five forest types along with a rich assemblage of fauna species, several of which are threatened. This gives the site outstanding significance for biodiversity conservation.","This National Park in the western part of the Himalayan Mountains in the northern Indian state of Himachal Pradesh is characterized by high alpine peaks, alpine meadows and riverine forests. The 90,540 ha property includes the upper mountain glacial and snow meltwater sources of several rivers, and the catchments of water supplies that are vital to millions of downstream users. The GHNPCA protects the monsoon-affected forests and alpine meadows of the Himalayan front ranges. It is part of the Himalaya biodiversity hotspot and includes twenty-five forest types along with a rich assemblage of fauna species, several of which are threatened. This gives the site outstanding significance for biodiversity conservation.",Natural,(x),2014,India,https://whc.unesco.org/document/203849,"31.8333333333, 77.5833333333","{name: Great Himalayan National Park Conservation Area, ref: 1406rev, latitude: 31.8333333333, longitude: 77.5833333333}",1,UNESCO World Heritage
"Rani-ki-Vav (the Queen’s Stepwell) at Patan, Gujarat","Rani-ki-Vav, on the banks of the Saraswati River, was initially built as a memorial to a king in the 11th century AD. Stepwells are a distinctive form of subterranean water resource and storage systems on the Indian subcontinent, and have been constructed since the 3rd millennium BC. They evolved over time from what was basically a pit in sandy soil towards elaborate multi-storey works of art and architecture. Rani-ki-Vav was built at the height of craftsmens’ ability in stepwell construction and the Maru-Gurjara architectural style, reflecting mastery of this complex technique and great beauty of detail and proportions. Designed as an inverted temple highlighting the sanctity of water, it is divided into seven levels of stairs with sculptural panels of high artistic quality; more than 500 principle sculptures and over a thousand minor ones combine religious, mythological and secular imagery, often referencing literary works. The fourth level is the deepest and leads into a rectangular tank 9.5 m by 9.4 m, at a depth of 23 m. The well is located at the westernmost end of the property and consists of a shaft 10 m in diameter and 30 m deep.","Rani-ki-Vav, on the banks of the Saraswati River, was initially built as a memorial to a king in the 11th century AD. Stepwells are a distinctive form of subterranean water resource and storage systems on the Indian subcontinent, and have been constructed since the 3rd millennium BC. They evolved over time from what was basically a pit in sandy soil towards elaborate multi-storey works of art and architecture. Rani-ki-Vav was built at the height of craftsmens’ ability in stepwell construction and the Maru-Gurjara architectural style, reflecting mastery of this complex technique and great beauty of detail and proportions. Designed as an inverted temple highlighting the sanctity of water, it is divided into seven levels of stairs with sculptural panels of high artistic quality; more than 500 principle sculptures and over a thousand minor ones combine religious, mythological and secular imagery, often referencing literary works. The fourth level is the deepest and leads into a rectangular tank 9.5 m by 9.4 m, at a depth of 23 m. The well is located at the westernmost end of the property and consists of a shaft 10 m in diameter and 30 m deep.",Cultural,(i)(iv),2014,India,https://whc.unesco.org/document/129660,"23.8588888889, 72.1016666667","{name: Rani-ki-Vav (the Queen’s Stepwell) at Patan, Gujarat, ref: 922, latitude: 23.8588888889, longitude: 72.1016666667}",1,UNESCO World Heritage
Hill Forts of Rajasthan,"The serial site, situated in the state of Rajastahan, includes six majestic forts in Chittorgarh; Kumbhalgarh; Sawai Madhopur; Jhalawar; Jaipur, and Jaisalmer. The ecclectic architecture of the forts, some up to 20 kilometres in circumference, bears testimony to the power of the Rajput princely states that flourished in the region from the 8th to the 18th centuries. Enclosed within defensive walls are major urban centres, palaces, trading centres and other buildings including temples that often predate the fortifications within which developed an elaborate courtly culture that supported learning, music and the arts. Some of the urban centres enclosed in the fortifications have survived, as have many of the site's temples and other sacred buildings. The forts use the natural defenses offered by the landscape: hills, deserts, rivers, and dense forests. They also feature extensive water harvesting structures, largely still in use today.","The serial site, situated in the state of Rajastahan, includes six majestic forts in Chittorgarh; Kumbhalgarh; Sawai Madhopur; Jhalawar; Jaipur, and Jaisalmer. The ecclectic architecture of the forts, some up to 20 kilometres in circumference, bears testimony to the power of the Rajput princely states that flourished in the region from the 8th to the 18th centuries. Enclosed within defensive walls are major urban centres, palaces, trading centres and other buildings including temples that often predate the fortifications within which developed an elaborate courtly culture that supported learning, music and the arts. Some of the urban centres enclosed in the fortifications have survived, as have many of the site's temples and other sacred buildings. The forts use the natural defenses offered by the landscape: hills, deserts, rivers, and dense forests. They also feature extensive water harvesting structures, largely still in use today.",Cultural,(ii)(iii),2013,India,https://whc.unesco.org/document/123515,"24.8833333333, 74.6461111111","{name: Amber Fort, ref: 247rev-005, latitude: 26.9847222222, longitude: 75.8519444444}, {name: Gagron Fort, ref: 247rev-004, latitude: 24.6263888889, longitude: 76.1872222222}, {name: Jaisalmer Fort, ref: 247rev-006, latitude: 26.9125, longitude: 70.9125}, {name: Chittorgarh Fort, ref: 247rev-001, latitude: 24.8833333333, longitude: 74.6461111111}, {name: Kumbhalgarh Fort, ref: 247rev-002, latitude: 25.1488888889, longitude: 73.5802777778}, {name: Ranthambore Fort, ref: 247rev-003, latitude: 26.0202777778, longitude: 76.455}",6,UNESCO World Heritage
Western Ghats,"Older than the Himalaya mountains, the mountain chain of the Western Ghats represents geomorphic features of immense importance with unique biophysical and ecological processes. The site’s high montane forest ecosystems influence the Indian monsoon weather pattern. Moderating the tropical climate of the region, the site presents one of the best examples of the monsoon system on the planet. It also has an exceptionally high level of biological diversity and endemism and is recognized as one of the world’s eight ‘hottest hotspots’ of biological diversity. The forests of the site include some of the best representatives of non-equatorial tropical evergreen forests anywhere and are home to at least 325 globally threatened flora, fauna, bird, amphibian, reptile and fish species.","Older than the Himalaya mountains, the mountain chain of the Western Ghats represents geomorphic features of immense importance with unique biophysical and ecological processes. The site’s high montane forest ecosystems influence the Indian monsoon weather pattern. Moderating the tropical climate of the region, the site presents one of the best examples of the monsoon system on the planet. It also has an exceptionally high level of biological diversity and endemism and is recognized as one of the world’s eight ‘hottest hotspots’ of biological diversity. The forests of the site include some of the best representatives of non-equatorial tropical evergreen forests anywhere and are home to at least 325 globally threatened flora, fauna, bird, amphibian, reptile and fish species.",Natural,(ix)(x),2012,India,https://whc.unesco.org/document/117263,"8.5297222222, 77.2497222222","{name: Kas Plateau, ref: 1342rev-036, latitude: 17.1716666667, longitude: 73.7272222222}, {name: Palode Range, ref: 1342rev-006, latitude: 8.5297222222, longitude: 77.2497222222}, {name: Mankulam Range, ref: 1342rev-017, latitude: 10.3844444444, longitude: 77.18}, {name: Mannavan Shola, ref: 1342rev-019, latitude: 10.3844444444, longitude: 77.18}, {name: Kalikavu Range, ref: 1342rev-023, latitude: 11.3305555556, longitude: 76.3094444444}, {name: Kulathupuzha Range, ref: 1342rev-005, latitude: 8.5297222222, longitude: 77.2497222222}, {name: Periyar Tiger Reserve, ref: 1342rev-007, latitude: 9.4855555556, longitude: 77.21}, {name: Ranni Forest Division, ref: 1342rev-008, latitude: 9.4855555556, longitude: 77.21}, {name: Konni Forest Division, ref: 1342rev-009, latitude: 9.4855555556, longitude: 77.21}, {name: Mukurti National Park, ref: 1342rev-022, latitude: 11.3305555556, longitude: 76.3094444444}, {name: Kerti Reserved Forest, ref: 1342rev-029, latitude: 12.5463888889, longitude: 75.7077777778}, {name: Agumbe Reserved Forest, ref: 1342rev-034, latitude: 13.4997222222, longitude: 75.1005555556}, {name: Chandoli National Park, ref: 1342rev-038, latitude: 17.1716666667, longitude: 73.7272222222}, {name: Kudremukh National Park, ref: 1342rev-031, latitude: 13.4997222222, longitude: 75.1005555556}, {name: Attapadi Reserved Forest, ref: 1342rev-024, latitude: 11.3305555556, longitude: 76.3094444444}, {name: Koyna Wildlife Sanctuary, ref: 1342rev-037, latitude: 17.1716666667, longitude: 73.7272222222}, {name: Neyyar Wildlife Sanctuary, ref: 1342rev-003, latitude: 8.5297222222, longitude: 77.2497222222}, {name: Grass Hills National Park, ref: 1342rev-014, latitude: 10.3844444444, longitude: 77.18}, {name: Aralam Wildlife Sanctuary, ref: 1342rev-030, latitude: 12.5463888889, longitude: 75.7077777778}, {name: Balahalli Reserved Forest, ref: 1342rev-035, latitude: 13.4997222222, longitude: 75.1005555556}, {name: Peppara Wildlife Sanctuary, ref: 1342rev-004, latitude: 8.5297222222, longitude: 77.2497222222}, {name: Achankovil Forest Division, ref: 1342rev-010, latitude: 9.4855555556, longitude: 77.21}, {name: Karian Shola National Park, ref: 1342rev-015, latitude: 10.3844444444, longitude: 77.18}, {name: Chinnar Wildlife Sanctuary, ref: 1342rev-018, latitude: 10.3844444444, longitude: 77.18}, {name: Someshwara Reserved Forest, ref: 1342rev-033, latitude: 13.4997222222, longitude: 75.1005555556}, {name: Silent Valley National Park, ref: 1342rev-020, latitude: 11.3305555556, longitude: 76.3094444444}, {name: Padinalknad Reserved Forest, ref: 1342rev-028, latitude: 12.5463888889, longitude: 75.7077777778}, {name: Shendurney Wildlife Sanctuary, ref: 1342rev-002, latitude: 8.5297222222, longitude: 77.2497222222}, {name: Pushpagiri Wildlife Sanctuary, ref: 1342rev-025, latitude: 12.5463888889, longitude: 75.7077777778}, {name: Brahmagiri Wildlife Sanctuary, ref: 1342rev-026, latitude: 12.5463888889, longitude: 75.7077777778}, {name: Someshwara Wildlife Sanctuary, ref: 1342rev-032, latitude: 13.4997222222, longitude: 75.1005555556}, {name: Talacauvery Wildlife Sanctuary, ref: 1342rev-027, latitude: 12.5463888889, longitude: 75.7077777778}, {name: Radhanagari Wildlife Sanctuary, ref: 1342rev-039, latitude: 17.1716666667, longitude: 73.7272222222}, {name: New Amarambalam Reserved Forest, ref: 1342rev-021, latitude: 11.3305555556, longitude: 76.3094444444}, {name: Srivilliputtur Wildlife Sanctuary, ref: 1342rev-011, latitude: 9.4855555556, longitude: 77.21}, {name: Kalakad-Mundanthurai Tiger Reserve, ref: 1342rev-001, latitude: 8.5297222222, longitude: 77.2497222222}, {name: Tirunelveli (North) Forest Division (part), ref: 1342rev-012, latitude: 9.4855555556, longitude: 77.21}, {name: Eravikulam National Park (and proposed extension), ref: 1342rev-013, latitude: 10.2177777778, longitude: 77.18}, {name: Karian Shola (part of Parambikulam Wildlife Sanctuary), ref: 1342rev-016, latitude: 10.3844444444, longitude: 77.18}",39,UNESCO World Heritage
"The Jantar Mantar, Jaipur","The Jantar Mantar, in Jaipur, is an astronomical observation site built in the early 18th century. It includes a set of some 20 main fixed instruments. They are monumental examples in masonry of known instruments but which in many cases have specific characteristics of their own. Designed for the observation of astronomical positions with the naked eye, they embody several architectural and instrumental innovations. This is the most significant, most comprehensive, and the best preserved of India's historic observatories. It is an expression of the astronomical skills and cosmological concepts of the court of a scholarly prince at the end of the Mughal period.","The Jantar Mantar, in Jaipur, is an astronomical observation site built in the early 18th century. It includes a set of some 20 main fixed instruments. They are monumental examples in masonry of known instruments but which in many cases have specific characteristics of their own. Designed for the observation of astronomical positions with the naked eye, they embody several architectural and instrumental innovations. This is the most significant, most comprehensive, and the best preserved of India's historic observatories. It is an expression of the astronomical skills and cosmological concepts of the court of a scholarly prince at the end of the Mughal period.",Cultural,(iii)(iv),2010,India,https://whc.unesco.org/document/115001,"26.9247222222, 75.825","{name: The Jantar Mantar, Jaipur, ref: 1338, latitude: 26.9247222222, longitude: 75.825}",1,UNESCO World Heritage
Red Fort Complex,"The Red Fort Complex was built as the palace fort of Shahjahanabad – the new capital of the fifth Mughal Emperor of India, Shah Jahan. Named for its massive enclosing walls of red sandstone, it is adjacent to an older fort, the Salimgarh, built by Islam Shah Suri in 1546, with which it forms the Red Fort Complex. The private apartments consist of a row of pavilions connected by a continuous water channel, known as the Nahr-i-Behisht (Stream of Paradise). The Red Fort is considered to represent the zenith of Mughal creativity which, under the Shah Jahan, was brought to a new level of refinement. The planning of the palace is based on Islamic prototypes, but each pavilion reveals architectural elements typical of Mughal building, reflecting a fusion of Persian, Timurid and Hindu traditions The Red Fort’s innovative planning and architectural style, including the garden design, strongly influenced later buildings and gardens in Rajasthan, Delhi, Agra and further afield.","The Red Fort Complex was built as the palace fort of Shahjahanabad – the new capital of the fifth Mughal Emperor of India, Shah Jahan. Named for its massive enclosing walls of red sandstone, it is adjacent to an older fort, the Salimgarh, built by Islam Shah Suri in 1546, with which it forms the Red Fort Complex. The private apartments consist of a row of pavilions connected by a continuous water channel, known as the Nahr-i-Behisht (Stream of Paradise). The Red Fort is considered to represent the zenith of Mughal creativity which, under the Shah Jahan, was brought to a new level of refinement. The planning of the palace is based on Islamic prototypes, but each pavilion reveals architectural elements typical of Mughal building, reflecting a fusion of Persian, Timurid and Hindu traditions The Red Fort’s innovative planning and architectural style, including the garden design, strongly influenced later buildings and gardens in Rajasthan, Delhi, Agra and further afield.",Cultural,(ii)(iii),2007,India,https://whc.unesco.org/document/109222,"28.6555555556, 77.2408333333","{name: Red Fort Complex, ref: 231rev, latitude: 28.6555555556, longitude: 77.2408333333}",1,UNESCO World Heritage
Champaner-Pavagadh Archaeological Park,"A concentration of largely unexcavated archaeological, historic and living cultural heritage properties cradled in an impressive landscape which includes prehistoric (chalcolithic) sites, a hill fortress of an early Hindu capital, and remains of the 16th-century capital of the state of Gujarat. The site also includes, among other vestiges, fortifications, palaces, religious buildings, residential precincts, agricultural structures and water installations, from the 8th to 14th centuries. The Kalikamata Temple on top of Pavagadh Hill is considered to be an important shrine, attracting large numbers of pilgrims throughout the year. The site is the only complete and unchanged Islamic pre-Mughal city.","A concentration of largely unexcavated archaeological, historic and living cultural heritage properties cradled in an impressive landscape which includes prehistoric (chalcolithic) sites, a hill fortress of an early Hindu capital, and remains of the 16th-century capital of the state of Gujarat. The site also includes, among other vestiges, fortifications, palaces, religious buildings, residential precincts, agricultural structures and water installations, from the 8th to 14th centuries. The Kalikamata Temple on top of Pavagadh Hill is considered to be an important shrine, attracting large numbers of pilgrims throughout the year. The site is the only complete and unchanged Islamic pre-Mughal city.",Cultural,(iii)(iv)(v),2004,India,https://whc.unesco.org/document/114936,"22.48333333, 73.53333333","{name: MIL 11 Hathikhana, ref: 1101-007, latitude: 22.487, longitude: 73.57}, {name: JLS 10 Sindh Mata, ref: 1101-008, latitude: 22.5015277778, longitude: 73.4856388889}, {name: Primary Heritage Zone, ref: 1101-001, latitude: 22.4833333333, longitude: 73.5333333333}, {name: MQB 05 Maqbara Mandvi, ref: 1101-004, latitude: 22.4954166667, longitude: 73.5118333333}, {name: JLS 16 Chandrakala Vav, ref: 1101-012, latitude: 22.4980833333, longitude: 73.4778888889}, {name: MQB 01 Sikander Ka Reuza, ref: 1101-009, latitude: 22.5052222222, longitude: 73.474}, {name: MQB 11 Babakhan Ki Dargah, ref: 1101-010, latitude: 22.4986944444, longitude: 73.4735}, {name: JLS 11 Nau Kuan Sat Vavdi, ref: 1101-011, latitude: 22.4963333333, longitude: 73.4673888889}, {name: JLS 09 Malik Sandal Ni Vav, ref: 1101-006, latitude: 22.4996388889, longitude: 73.5157222222}, {name: MQB 10 Maqbara near Patidar Village, ref: 1101-005, latitude: 22.4951388889, longitude: 73.5501944444}, {name: MQB 04 Maqbara near Panchmahuda Masjid, ref: 1101-003, latitude: 22.4894722222, longitude: 73.5006666667}, {name: BRD 02 Kabutarkhana / MJD 10 Khajuri Masjid, ref: 1101-002, latitude: 22.494694, longitude: 73.557}",12,UNESCO World Heritage
Chhatrapati Shivaji Terminus (formerly Victoria Terminus),"The Chhatrapati Shivaji Terminus, formerly known as Victoria Terminus Station, in Mumbai, is an outstanding example of Victorian Gothic Revival architecture in India, blended with themes deriving from Indian traditional architecture. The building, designed by the British architect F. W. Stevens, became the symbol of Bombay as the ‘Gothic City’ and the major international mercantile port of India. The terminal was built over 10 years, starting in 1878, according to a High Victorian Gothic design based on late medieval Italian models. Its remarkable stone dome, turrets, pointed arches and eccentric ground plan are close to traditional Indian palace architecture. It is an outstanding example of the meeting of two cultures, as British architects worked with Indian craftsmen to include Indian architectural tradition and idioms thus forging a new style unique to Bombay.","The Chhatrapati Shivaji Terminus, formerly known as Victoria Terminus Station, in Mumbai, is an outstanding example of Victorian Gothic Revival architecture in India, blended with themes deriving from Indian traditional architecture. The building, designed by the British architect F. W. Stevens, became the symbol of Bombay as the ‘Gothic City’ and the major international mercantile port of India. The terminal was built over 10 years, starting in 1878, according to a High Victorian Gothic design based on late medieval Italian models. Its remarkable stone dome, turrets, pointed arches and eccentric ground plan are close to traditional Indian palace architecture. It is an outstanding example of the meeting of two cultures, as British architects worked with Indian craftsmen to include Indian architectural tradition and idioms thus forging a new style unique to Bombay.",Cultural,(ii)(iv),2004,India,https://whc.unesco.org/document/113663,"18.9401222222, 72.8362027777","{name: Chhatrapati Shivaji Terminus (formerly Victoria Terminus), ref: 945rev, latitude: 18.9401222222, longitude: 72.8362027777}",1,UNESCO World Heritage
Rock Shelters of Bhimbetka,"The Rock Shelters of Bhimbetka are in the foothills of the Vindhyan Mountains on the southern edge of the central Indian plateau. Within massive sandstone outcrops, above comparatively dense forest, are five clusters of natural rock shelters, displaying paintings that appear to date from the Mesolithic Period right through to the historical period. The cultural traditions of the inhabitants of the twenty-one villages adjacent to the site bear a strong resemblance to those represented in the rock paintings.","The Rock Shelters of Bhimbetka are in the foothills of the Vindhyan Mountains on the southern edge of the central Indian plateau. Within massive sandstone outcrops, above comparatively dense forest, are five clusters of natural rock shelters, displaying paintings that appear to date from the Mesolithic Period right through to the historical period. The cultural traditions of the inhabitants of the twenty-one villages adjacent to the site bear a strong resemblance to those represented in the rock paintings.",Cultural,(iii)(v),2003,India,https://whc.unesco.org/document/113402,"22.92777778, 77.58333333","{name: Larger group, ref: 925-001, latitude: 22.9388888889, longitude: 77.6033333333}, {name: Smaller group, ref: 925-002, latitude: 22.9452777778, longitude: 77.6472222222}",2,UNESCO World Heritage
Mahabodhi Temple Complex at Bodh Gaya,"The Mahabodhi Temple Complex is one of the four holy sites related to the life of the Lord Buddha, and particularly to the attainment of Enlightenment. The first temple was built by Emperor Asoka in the 3rd century B.C., and the present temple dates from the 5th or 6th centuries. It is one of the earliest Buddhist temples built entirely in brick, still standing in India, from the late Gupta period.","The Mahabodhi Temple Complex is one of the four holy sites related to the life of the Lord Buddha, and particularly to the attainment of Enlightenment. The first temple was built by Emperor Asoka in the 3rd century B.C., and the present temple dates from the 5th or 6th centuries. It is one of the earliest Buddhist temples built entirely in brick, still standing in India, from the late Gupta period.",Cultural,(i)(ii)(iii)(iv),2002,India,https://whc.unesco.org/document/114538,"24.69528, 84.99389","{name: Mahabodhi Temple Complex at Bodh Gaya, ref: 1056rev, latitude: 24.69528, longitude: 84.99389}",1,UNESCO World Heritage
Mountain Railways of India,"This site includes three railways. The Darjeeling Himalayan Railway was the first, and is still the most outstanding, example of a hill passenger railway. Opened in 1881, its design applies bold and ingenious engineering solutions to the problem of establishing an effective rail link across a mountainous terrain of great beauty. The construction of the Nilgiri Mountain Railway, a 46-km long metre-gauge single-track railway in Tamil Nadu State was first proposed in 1854, but due to the difficulty of the mountainous location the work only started in 1891 and was completed in 1908. This railway, scaling an elevation of 326 m to 2,203 m, represented the latest technology of the time. The Kalka Shimla Railway, a 96-km long, single track working rail link built in the mid-19th century to provide a service to the highland town of Shimla is emblematic of the technical and material efforts to disenclave mountain populations through the railway. All three railways are still fully operational.","This site includes three railways. The Darjeeling Himalayan Railway was the first, and is still the most outstanding, example of a hill passenger railway. Opened in 1881, its design applies bold and ingenious engineering solutions to the problem of establishing an effective rail link across a mountainous terrain of great beauty. The construction of the Nilgiri Mountain Railway, a 46-km long metre-gauge single-track railway in Tamil Nadu State was first proposed in 1854, but due to the difficulty of the mountainous location the work only started in 1891 and was completed in 1908. This railway, scaling an elevation of 326 m to 2,203 m, represented the latest technology of the time. The Kalka Shimla Railway, a 96-km long, single track working rail link built in the mid-19th century to provide a service to the highland town of Shimla is emblematic of the technical and material efforts to disenclave mountain populations through the railway. All three railways are still fully operational.",Cultural,(ii)(iv),1999,India,https://whc.unesco.org/document/130019,"11.51028, 76.93583","{name: Kalka Shimla Railway, ref: 944ter-003, latitude: 30.8522222222, longitude: 76.9375}, {name: Nilgiri Mountain Railway, ref: 944ter-002, latitude: 11.5102777778, longitude: 76.9316666667}, {name: Darjeeling Himalayan Railway, ref: 944ter-001, latitude: 26.68, longitude: 88.46}",3,UNESCO World Heritage
"Humayun's Tomb, Delhi","This tomb, built in 1570, is of particular cultural significance as it was the first garden-tomb on the Indian subcontinent. It inspired several major architectural innovations, culminating in the construction of the Taj Mahal.","This tomb, built in 1570, is of particular cultural significance as it was the first garden-tomb on the Indian subcontinent. It inspired several major architectural innovations, culminating in the construction of the Taj Mahal.",Cultural,(ii)(iv),1993,India,https://whc.unesco.org/document/109239,"28.59333, 77.25056","{name: Humayun's Tomb, Delhi, ref: 232bis, latitude: 28.59333, longitude: 77.25056}",1,UNESCO World Heritage
"Qutb Minar and its Monuments, Delhi","Built in the early 13th century a few kilometres south of Delhi, the red sandstone tower of Qutb Minar is 72.5 m high, tapering from 2.75 m in diameter at its peak to 14.32 m at its base, and alternating angular and rounded flutings. The surrounding archaeological area contains funerary buildings, notably the magnificent Alai-Darwaza Gate, the masterpiece of Indo-Muslim art (built in 1311), and two mosques, including the Quwwatu'l-Islam, the oldest in northern India, built of materials reused from some 20 Brahman temples.","Built in the early 13th century a few kilometres south of Delhi, the red sandstone tower of Qutb Minar is 72.5 m high, tapering from 2.75 m in diameter at its peak to 14.32 m at its base, and alternating angular and rounded flutings. The surrounding archaeological area contains funerary buildings, notably the magnificent Alai-Darwaza Gate, the masterpiece of Indo-Muslim art (built in 1311), and two mosques, including the Quwwatu'l-Islam, the oldest in northern India, built of materials reused from some 20 Brahman temples.",Cultural,(iv),1993,India,https://whc.unesco.org/document/109250,"28.52583, 77.18528","{name: Qutb Minar and its Monuments, Delhi, ref: 233, latitude: 28.52583, longitude: 77.18528}",1,UNESCO World Heritage
Buddhist Monuments at Sanchi,"On a hill overlooking the plain and about 40 km from Bhopal, the site of Sanchi comprises a group of Buddhist monuments (monolithic pillars, palaces, temples and monasteries) all in different states of conservation most of which date back to the 2nd and 1st centuries B.C. It is the oldest Buddhist sanctuary in existence and was a major Buddhist centre in India until the 12th century A.D.","On a hill overlooking the plain and about 40 km from Bhopal, the site of Sanchi comprises a group of Buddhist monuments (monolithic pillars, palaces, temples and monasteries) all in different states of conservation most of which date back to the 2nd and 1st centuries B.C. It is the oldest Buddhist sanctuary in existence and was a major Buddhist centre in India until the 12th century A.D.",Cultural,(i)(ii)(iii)(iv),1989,India,https://whc.unesco.org/document/110643,"23.47944, 77.73972","{name: Buddhist Monuments at Sanchi, ref: 524, latitude: 23.47944, longitude: 77.73972}",1,UNESCO World Heritage
Nanda Devi and Valley of Flowers National Parks,"Nestled high in West Himalaya, India’s Valley of Flowers National Park is renowned for its meadows of endemic alpine flowers and outstanding natural beauty. This richly diverse area is also home to rare and endangered animals, including the Asiatic black bear, snow leopard, brown bear and blue sheep. The gentle landscape of the Valley of Flowers National Park complements the rugged mountain wilderness of Nanda Devi National Park. Together they encompass a unique transition zone between the mountain ranges of the Zanskar and Great Himalaya, praised by mountaineers and botanists for over a century and in Hindu mythology for much longer.","Nestled high in West Himalaya, India’s Valley of Flowers National Park is renowned for its meadows of endemic alpine flowers and outstanding natural beauty. This richly diverse area is also home to rare and endangered animals, including the Asiatic black bear, snow leopard, brown bear and blue sheep. The gentle landscape of the Valley of Flowers National Park complements the rugged mountain wilderness of Nanda Devi National Park. Together they encompass a unique transition zone between the mountain ranges of the Zanskar and Great Himalaya, praised by mountaineers and botanists for over a century and in Hindu mythology for much longer.",Natural,(vii)(x),1988,India,,"30.71667, 79.66667","{name: Nanda Devi National Park, ref: 335bis-001, latitude: 30.4186111111, longitude: 79.8497222222}, {name: Valley of Flowers National Park, ref: 335bis-002, latitude: 30.7333333333, longitude: 79.6333333333}",2,UNESCO World Heritage
Great Living Chola Temples,"The Great Living Chola Temples were built by kings of the Chola Empire, which stretched over all of south India and the neighbouring islands. The site includes three great 11th- and 12th-century Temples: the Brihadisvara Temple at Thanjavur, the Brihadisvara Temple at Gangaikondacholisvaram and the Airavatesvara Temple at Darasuram. The Temple of Gangaikondacholisvaram, built by Rajendra I, was completed in 1035. Its 53-m vimana (sanctum tower) has recessed corners and a graceful upward curving movement, contrasting with the straight and severe tower at Thanjavur. The Airavatesvara temple complex, built by Rajaraja II, at Darasuram features a 24-m vimana and a stone image of Shiva. The temples testify to the brilliant achievements of the Chola in architecture, sculpture, painting and bronze casting.","The Great Living Chola Temples were built by kings of the Chola Empire, which stretched over all of south India and the neighbouring islands. The site includes three great 11th- and 12th-century Temples: the Brihadisvara Temple at Thanjavur, the Brihadisvara Temple at Gangaikondacholisvaram and the Airavatesvara Temple at Darasuram. The Temple of Gangaikondacholisvaram, built by Rajendra I, was completed in 1035. Its 53-m vimana (sanctum tower) has recessed corners and a graceful upward curving movement, contrasting with the straight and severe tower at Thanjavur. The Airavatesvara temple complex, built by Rajaraja II, at Darasuram features a 24-m vimana and a stone image of Shiva. The temples testify to the brilliant achievements of the Chola in architecture, sculpture, painting and bronze casting.",Cultural,(ii)(iii),1987,India,,"10.78305556, 79.1325","{name: The Brihadisvara Temple Complex, Thajanvur, ref: 250-001, latitude: 10.783861, longitude: 79.131583}, {name: The Airavatesvara Temple Complex, Darasuram, ref: 250bis-003, latitude: 10.9483333333, longitude: 79.3569444444}, {name: The Brihadisvara Temple Complex, Gangaikondacholapuram, ref: 250bis-002, latitude: 11.206361, longitude: 79.449139}",3,UNESCO World Heritage
Elephanta Caves,"The 'City of Caves', on an island in the Sea of Oman close to Mumbai, contains a collection of rock art linked to the cult of Shiva. Here, Indian art has found one of its most perfect expressions, particularly the huge high reliefs in the main cave.","The 'City of Caves', on an island in the Sea of Oman close to Mumbai, contains a collection of rock art linked to the cult of Shiva. Here, Indian art has found one of its most perfect expressions, particularly the huge high reliefs in the main cave.",Cultural,(i)(iii),1987,India,https://whc.unesco.org/document/109390,"18.96667, 72.93583","{name: Elephanta Caves, ref: 244rev, latitude: 18.96667, longitude: 72.93583}",1,UNESCO World Heritage
Sundarbans National Park,"The Sundarbans covers 10,000 km2 of land and water (more than half of it in India, the rest in Bangladesh) in the Ganges delta. It contains the world's largest area of mangrove forests. A number of rare or endangered species live in the park, including tigers, aquatic mammals, birds and reptiles.","The Sundarbans covers 10,000 km2 of land and water (more than half of it in India, the rest in Bangladesh) in the Ganges delta. It contains the world's largest area of mangrove forests. A number of rare or endangered species live in the park, including tigers, aquatic mammals, birds and reptiles.",Natural,(ix)(x),1987,India,,"21.945, 88.89583333","{name: Sundarbans National Park, ref: 452, latitude: 21.945, longitude: 88.89583333}",1,UNESCO World Heritage
Group of Monuments at Pattadakal,"Pattadakal, in Karnataka, represents the high point of an eclectic art which, in the 7th and 8th centuries under the Chalukya dynasty, achieved a harmonious blend of architectural forms from northern and southern India. An impressive series of nine Hindu temples, as well as a Jain sanctuary, can be seen there. One masterpiece from the group stands out – the Temple of Virupaksha, built c. 740 by Queen Lokamahadevi to commemorate her husband's victory over the kings from the South.","Pattadakal, in Karnataka, represents the high point of an eclectic art which, in the 7th and 8th centuries under the Chalukya dynasty, achieved a harmonious blend of architectural forms from northern and southern India. An impressive series of nine Hindu temples, as well as a Jain sanctuary, can be seen there. One masterpiece from the group stands out – the Temple of Virupaksha, built c. 740 by Queen Lokamahadevi to commemorate her husband's victory over the kings from the South.",Cultural,(iii)(iv),1987,India,https://whc.unesco.org/document/109281,"15.94833, 75.81667","{name: Temple Area, ref: 239rev-001, latitude: 15.950194, longitude: 75.815611}, {name: Jaina Temple, ref: 239rev-003, latitude: 15.949694, longitude: 75.808078}, {name: Papanatha Temple, ref: 239rev-002, latitude: 15.947861, longitude: 75.817194}",3,UNESCO World Heritage
Churches and Convents of Goa,"The churches and convents of Goa, the former capital of the Portuguese Indies – particularly the Church of Bom Jesus, which contains the tomb of St Francis-Xavier – illustrate the evangelization of Asia. These monuments were influential in spreading forms of Manueline, Mannerist and Baroque art in all the countries of Asia where missions were established.","The churches and convents of Goa, the former capital of the Portuguese Indies – particularly the Church of Bom Jesus, which contains the tomb of St Francis-Xavier – illustrate the evangelization of Asia. These monuments were influential in spreading forms of Manueline, Mannerist and Baroque art in all the countries of Asia where missions were established.",Cultural,(ii)(iv),1986,India,https://whc.unesco.org/document/109264,"15.50222, 73.91167","{name: Churches and Convents of Goa, ref: 234, latitude: 15.50222, longitude: 73.91167}",1,UNESCO World Heritage
Group of Monuments at Hampi,"The austere, grandiose site of Hampi was the last capital of the last great Hindu Kingdom of Vijayanagar. Its fabulously rich princes built Dravidian temples and palaces which won the admiration of travellers between the 14th and 16th centuries. Conquered by the Deccan Muslim confederacy in 1565, the city was pillaged over a period of six months before being abandoned.","The austere, grandiose site of Hampi was the last capital of the last great Hindu Kingdom of Vijayanagar. Its fabulously rich princes built Dravidian temples and palaces which won the admiration of travellers between the 14th and 16th centuries. Conquered by the Deccan Muslim confederacy in 1565, the city was pillaged over a period of six months before being abandoned.",Cultural,(i)(iii)(iv),1986,India,https://whc.unesco.org/document/109283,"15.31444, 76.47167","{name: Group of Monuments at Hampi, ref: 241bis, latitude: 15.31444, longitude: 76.47167}",1,UNESCO World Heritage
Fatehpur Sikri,"Built during the second half of the 16th century by the Emperor Akbar, Fatehpur Sikri (the City of Victory) was the capital of the Mughal Empire for only some 10 years. The complex of monuments and temples, all in a uniform architectural style, includes one of the largest mosques in India, the Jama Masjid.","Built during the second half of the 16th century by the Emperor Akbar, Fatehpur Sikri (the City of Victory) was the capital of the Mughal Empire for only some 10 years. The complex of monuments and temples, all in a uniform architectural style, includes one of the largest mosques in India, the Jama Masjid.",Cultural,(ii)(iii)(iv),1986,India,https://whc.unesco.org/document/109424,"27.097528, 77.6665","{name: Fatehpur Sikri, ref: 255, latitude: 27.097528, longitude: 77.6665}",1,UNESCO World Heritage
Khajuraho Group of Monuments,"The temples at Khajuraho were built during the Chandella dynasty, which reached its apogee between 950 and 1050. Only about 20 temples remain; they fall into three distinct groups and belong to two different religions – Hinduism and Jainism. They strike a perfect balance between architecture and sculpture. The Temple of Kandariya is decorated with a profusion of sculptures that are among the greatest masterpieces of Indian art.","The temples at Khajuraho were built during the Chandella dynasty, which reached its apogee between 950 and 1050. Only about 20 temples remain; they fall into three distinct groups and belong to two different religions – Hinduism and Jainism. They strike a perfect balance between architecture and sculpture. The Temple of Kandariya is decorated with a profusion of sculptures that are among the greatest masterpieces of Indian art.",Cultural,(i)(iii),1986,India,https://whc.unesco.org/document/118910,"24.85222, 79.92222","{name: Kakra Marh. Eastern group, ref: 240-009, latitude: 24.8533333333, longitude: 79.9494444444}, {name: Ghanti Temple. Eastern group, ref: 240-007, latitude: 24.846127, longitude: 79.933408}, {name: Vamana Temple. Eastern group, ref: 240-010, latitude: 24.851441, longitude: 79.935015}, {name: Brahma Temple. Eastern Group., ref: 240-005, latitude: 24.84912, longitude: 79.932705}, {name: Javari Temple. Eastern group., ref: 240-008, latitude: 24.849446, longitude: 79.935261}, {name: Adinath Temple. Eastern Group, ref: 240-011, latitude: 24.845139, longitude: 79.936611}, {name: Duladeo Temple. Southern group, ref: 240-014, latitude: 24.839278, longitude: 79.932472}, {name: Santinatha Temple. Eastern group, ref: 240-013, latitude: 24.844667, longitude: 79.936389}, {name: Chaturbuj Temple. Southern group, ref: 240-015, latitude: 24.825093, longitude: 79.931095}, {name: Parsvanatha Temple. Eastern group, ref: 240-012, latitude: 24.844917, longitude: 79.936667}, {name: Protected Temple Area. Western Group., ref: 240-001, latitude: 24.8525, longitude: 79.9208333333}, {name: Chausath Jogini Temple. Western Group, ref: 240-002, latitude: 24.849742, longitude: 79.918117}, {name: Chopra or square tank. Western group. , ref: 240-003, latitude: 24.856166, longitude: 79.919625}, {name: Laguan Mahadeva Temple. Western Group., ref: 240-004, latitude: 24.850888, longitude: 79.911266}, {name: Colossal statue of Shri Hanuman. Eastern Group., ref: 240-006, latitude: 24.850031, longitude: 79.92863}",15,UNESCO World Heritage
Kaziranga National Park,"In the heart of Assam, this park is one of the last areas in eastern India undisturbed by a human presence. It is inhabited by the world's largest population of one-horned rhinoceroses, as well as many mammals, including tigers, elephants, panthers and bears, and thousands of birds.","In the heart of Assam, this park is one of the last areas in eastern India undisturbed by a human presence. It is inhabited by the world's largest population of one-horned rhinoceroses, as well as many mammals, including tigers, elephants, panthers and bears, and thousands of birds.",Natural,(ix)(x),1985,India,https://whc.unesco.org/document/110489,"26.66666667, 93.41666667","{name: Kaziranga National Park, ref: 337, latitude: 26.66666667, longitude: 93.41666667}",1,UNESCO World Heritage
Keoladeo National Park,"This former duck-hunting reserve of the Maharajas is one of the major wintering areas for large numbers of aquatic birds from Afghanistan, Turkmenistan, China and Siberia. Some 364 species of birds, including the rare Siberian crane, have been recorded in the park.","This former duck-hunting reserve of the Maharajas is one of the major wintering areas for large numbers of aquatic birds from Afghanistan, Turkmenistan, China and Siberia. Some 364 species of birds, including the rare Siberian crane, have been recorded in the park.",Natural,(x),1985,India,https://whc.unesco.org/document/110540,"27.15888889, 77.50861111","{name: Keoladeo National Park, ref: 340, latitude: 27.15888889, longitude: 77.50861111}",1,UNESCO World Heritage
Manas Wildlife Sanctuary,"On a gentle slope in the foothills of the Himalayas, where wooded hills give way to alluvial grasslands and tropical forests, the Manas sanctuary is home to a great variety of wildlife, including many endangered species, such as the tiger, pygmy hog, Indian rhinoceros and Indian elephant.","On a gentle slope in the foothills of the Himalayas, where wooded hills give way to alluvial grasslands and tropical forests, the Manas sanctuary is home to a great variety of wildlife, including many endangered species, such as the tiger, pygmy hog, Indian rhinoceros and Indian elephant.",Natural,(vii)(ix)(x),1985,India,https://whc.unesco.org/document/110508,"26.725, 91.03055556","{name: Manas Wildlife Sanctuary, ref: 338, latitude: 26.725, longitude: 91.03055556}",1,UNESCO World Heritage
Group of Monuments at Mahabalipuram,"This group of sanctuaries, founded by the Pallava kings, was carved out of rock along the Coromandel coast in the 7th and 8th centuries. It is known especially for its rathas (temples in the form of chariots), mandapas (cave sanctuaries), giant open-air reliefs such as the famous 'Descent of the Ganges', and the temple of Rivage, with thousands of sculptures to the glory of Shiva.","This group of sanctuaries, founded by the Pallava kings, was carved out of rock along the Coromandel coast in the 7th and 8th centuries. It is known especially for its rathas (temples in the form of chariots), mandapas (cave sanctuaries), giant open-air reliefs such as the famous 'Descent of the Ganges', and the temple of Rivage, with thousands of sculptures to the glory of Shiva.",Cultural,(i)(ii)(iii),1984,India,https://whc.unesco.org/document/109394,"12.61667, 80.19167","{name: Mukunda Nayanar Temple, ref: 249-002, latitude: 12.627246, longitude: 80.194885}, {name: main complex of Mahabalipuram, ref: 249-001, latitude: 12.6175, longitude: 80.1988888889}, {name: Pidari Ratha / Valian Kuttai Ratha, ref: 249-003, latitude: 12.619397, longitude: 80.187581}",3,UNESCO World Heritage
"Sun Temple, Konârak","On the shores of the Bay of Bengal, bathed in the rays of the rising sun, the temple at Konarak is a monumental representation of the sun god Surya's chariot; its 24 wheels are decorated with symbolic designs and it is led by a team of six horses. Built in the 13th century, it is one of India's most famous Brahman sanctuaries.","On the shores of the Bay of Bengal, bathed in the rays of the rising sun, the temple at Konarak is a monumental representation of the sun god Surya's chariot; its 24 wheels are decorated with symbolic designs and it is led by a team of six horses. Built in the 13th century, it is one of India's most famous Brahman sanctuaries.",Cultural,(i)(iii),1984,India,https://whc.unesco.org/document/125151,"19.8875, 86.09472","{name: Sun Temple, Konârak, ref: 246, latitude: 19.8875, longitude: 86.09472}",1,UNESCO World Heritage
Ajanta Caves,"The first Buddhist cave monuments at Ajanta date from the 2nd and 1st centuries B.C. During the Gupta period (5th and 6th centuries A.D.), many more richly decorated caves were added to the original group. The paintings and sculptures of Ajanta, considered masterpieces of Buddhist religious art, have had a considerable artistic influence.","The first Buddhist cave monuments at Ajanta date from the 2nd and 1st centuries B.C. During the Gupta period (5th and 6th centuries A.D.), many more richly decorated caves were added to the original group. The paintings and sculptures of Ajanta, considered masterpieces of Buddhist religious art, have had a considerable artistic influence.",Cultural,(i)(ii)(iii),1983,India,https://whc.unesco.org/document/109368,"20.553111, 75.70025","{name: Ajanta Caves, ref: 242, latitude: 20.553111, longitude: 75.70025}",1,UNESCO World Heritage
Agra Fort,"Near the gardens of the Taj Mahal stands the important 16th-century Mughal monument known as the Red Fort of Agra. This powerful fortress of red sandstone encompasses, within its 2.5-km-long enclosure walls, the imperial city of the Mughal rulers. It comprises many fairy-tale palaces, such as the Jahangir Palace and the Khas Mahal, built by Shah Jahan; audience halls, such as the Diwan-i-Khas; and two very beautiful mosques.","Near the gardens of the Taj Mahal stands the important 16th-century Mughal monument known as the Red Fort of Agra. This powerful fortress of red sandstone encompasses, within its 2.5-km-long enclosure walls, the imperial city of the Mughal rulers. It comprises many fairy-tale palaces, such as the Jahangir Palace and the Khas Mahal, built by Shah Jahan; audience halls, such as the Diwan-i-Khas; and two very beautiful mosques.",Cultural,(iii),1983,India,https://whc.unesco.org/document/116895,"27.179806, 78.021528","{name: Agra Fort, ref: 251, latitude: 27.179806, longitude: 78.021528}",1,UNESCO World Heritage
Ellora Caves,"These 34 monasteries and temples, extending over more than 2 km, were dug side by side in the wall of a high basalt cliff, not far from Aurangabad, in Maharashtra. Ellora, with its uninterrupted sequence of monuments dating from A.D. 600 to 1000, brings the civilization of ancient India to life. Not only is the Ellora complex a unique artistic creation and a technological exploit but, with its sanctuaries devoted to Buddhism, Hinduism and Jainism, it illustrates the spirit of tolerance that was characteristic of ancient India.","These 34 monasteries and temples, extending over more than 2 km, were dug side by side in the wall of a high basalt cliff, not far from Aurangabad, in Maharashtra. Ellora, with its uninterrupted sequence of monuments dating from A.D. 600 to 1000, brings the civilization of ancient India to life. Not only is the Ellora complex a unique artistic creation and a technological exploit but, with its sanctuaries devoted to Buddhism, Hinduism and Jainism, it illustrates the spirit of tolerance that was characteristic of ancient India.",Cultural,(i)(iii),1983,India,https://whc.unesco.org/document/109377,"20.02639, 75.17917","{name: Ellora Caves, ref: 243, latitude: 20.02639, longitude: 75.17917}",1,UNESCO World Heritage
Taj Mahal,"An immense mausoleum of white marble, built in Agra between 1631 and 1648 by order of the Mughal emperor Shah Jahan in memory of his favourite wife, the Taj Mahal is the jewel of Muslim art in India and one of the universally admired masterpieces of the world's heritage.","An immense mausoleum of white marble, built in Agra between 1631 and 1648 by order of the Mughal emperor Shah Jahan in memory of his favourite wife, the Taj Mahal is the jewel of Muslim art in India and one of the universally admired masterpieces of the world's heritage.",Cultural,(i),1983,India,https://whc.unesco.org/document/109419,"27.17417, 78.04222","{name: Taj Mahal, ref: 252, latitude: 27.17417, longitude: 78.04222}",1,UNESCO World Heritage
